Date,Open,High,Low,Close,Volume
2016-07-05,208.95,209.08,207.71,208.41,109803700
2016-07-06,207.83,209.8,207.06,209.66,96021500
2016-07-07,209.87,210.65,208.63,209.53,85593800
2016-07-08,211.05,212.94,210.78,212.65,133971000
2016-07-11,213.19,214.07,212.95,213.4,73633900
2016-07-12,214.53,215.3,213.43,214.95,101275600
2016-07-13,215.44,215.45,214.35,214.92,87324100
2016-07-14,216.4,216.67,215.66,216.12,91230900
2016-07-15,216.78,217.01,215.31,215.83,107155400
2016-07-18,215.97,216.6,215.67,216.41,58725900
2016-07-19,215.92,216.23,215.63,216.19,54345700
2016-07-20,216.19,217.37,216.19,217.09,58159500
2016-07-21,216.96,217.22,215.75,216.27,67777300
2016-07-22,216.41,217.3,216.1,217.24,62787500
2016-07-25,217.0,217.06,215.97,216.65,55873100
2016-07-26,216.53,217.17,215.76,216.75,70080500
2016-07-27,217.19,217.27,215.62,216.52,84083900
2016-07-28,216.29,217.11,215.75,216.77,65035700
2016-07-29,216.46,217.54,216.13,217.12,79519400
2016-08-01,217.19,217.65,216.41,216.94,73311400
2016-08-02,216.65,216.83,214.57,215.55,92295500
2016-08-03,215.48,216.25,215.13,216.18,53993600
2016-08-04,216.31,216.78,214.25,216.41,46585500
2016-08-05,216.41,218.23,216.41,218.18,71892200
2016-08-08,218.4,218.52,217.74,218.05,39906500
2016-08-09,218.13,218.76,217.8,218.18,51251700
2016-08-10,218.31,218.4,217.23,217.64,57941100
2016-08-11,218.26,218.94,217.95,218.65,72504300
2016-08-12,218.29,218.71,217.99,218.46,61313500
2016-08-15,218.89,219.5,218.88,219.09,49813500
2016-08-16,218.6,218.68,217.96,217.96,53213600
2016-08-17,218.0,218.53,217.02,218.37,75134300
2016-08-18,218.34,218.9,218.21,218.86,52989300
2016-08-19,218.31,218.75,217.74,218.54,75443000
2016-08-22,218.26,218.8,217.83,218.53,61368800
2016-08-23,219.25,219.6,218.9,218.97,53399200
2016-08-24,218.8,218.91,217.36,217.85,71728900
2016-08-25,217.4,218.19,217.22,217.7,69224800
2016-08-26,217.92,219.12,216.25,217.29,122506300
2016-08-29,217.44,218.67,217.4,218.36,70502200
2016-08-30,218.26,218.59,217.35,218.0,58114500
2016-08-31,217.61,217.75,216.47,217.38,85269500
2016-09-01,217.37,217.73,216.03,217.39,97844200
2016-09-02,218.39,218.87,217.7,218.37,79293900
2016-09-06,218.7,219.12,217.86,219.03,56702100
2016-09-07,218.84,219.22,218.3,219.01,76554900
2016-09-08,218.62,218.94,218.15,218.51,74102900
2016-09-09,216.97,217.03,213.25,213.28,221589100
2016-09-12,212.39,216.81,212.31,216.34,168110900
2016-09-13,214.84,215.15,212.5,213.23,182828800
2016-09-14,213.29,214.7,212.5,213.15,134185500
2016-09-15,212.96,215.73,212.75,215.28,134427900
2016-09-16,213.48,213.69,212.57,213.37,155236400
2016-09-19,214.13,214.88,213.03,213.41,80250500
2016-09-20,214.41,214.59,213.38,213.42,69665300
2016-09-21,214.24,216.03,213.44,215.82,110284400
2016-09-22,217.0,217.53,216.71,217.18,76678700
2016-09-23,216.72,216.88,215.88,215.99,73630900
2016-09-26,215.02,215.23,214.01,214.24,89827300
2016-09-27,214.05,215.68,213.62,215.57,78494800
2016-09-28,215.83,216.82,214.71,216.64,87411000
2016-09-29,216.4,216.87,214.04,214.68,128070600
2016-09-30,215.65,217.12,215.36,216.3,117202900
2016-10-03,215.82,216.04,215.04,215.78,83512100
2016-10-04,215.91,216.17,213.99,214.68,119948100
2016-10-05,215.41,216.13,215.33,215.63,72816000
2016-10-06,215.37,216.04,214.74,215.78,62927400
2016-10-07,216.1,216.3,214.19,215.04,89788300
2016-10-10,216.16,216.7,215.99,216.16,51855000
2016-10-11,215.66,215.74,212.58,213.43,130367400
2016-10-12,213.59,214.32,213.01,213.71,73866100
2016-10-13,212.16,213.59,211.21,213.01,101357000
2016-10-14,214.15,214.69,213.03,213.12,93346200
2016-10-17,213.09,213.39,212.17,212.38,58275700
2016-10-18,214.24,214.31,213.27,213.71,76869700
2016-10-19,214.02,214.64,213.6,214.28,66519200
2016-10-20,213.87,214.53,213.11,213.88,73639800
2016-10-21,213.88,214.08,212.76,213.98,89089100
2016-10-24,215.0,215.32,214.48,214.89,60146600
2016-10-25,214.68,214.98,213.98,214.17,66542300
2016-10-26,213.21,214.42,212.93,213.74,75705500
2016-10-27,214.58,214.62,213.08,213.17,77220200
2016-10-28,213.14,213.93,211.71,212.54,140623200
2016-10-31,212.93,213.19,212.36,212.55,61272500
2016-11-01,212.93,212.99,209.6,211.01,122781800
2016-11-02,210.65,211.1,209.23,209.74,103330800
2016-11-03,209.99,210.24,208.46,208.78,88939300
2016-11-04,208.91,209.89,208.38,208.55,109122100
2016-11-07,208.55,213.19,208.55,213.15,109794900
2016-11-08,212.69,214.77,212.38,214.11,106772100
2016-11-09,212.37,217.1,212.34,216.38,258429000
2016-11-10,217.3,218.31,215.22,216.92,172113300
2016-11-11,216.08,216.7,215.32,216.42,100552700
2016-11-14,217.03,217.27,215.72,216.59,94580000
2016-11-15,217.04,218.28,216.8,218.28,91652600
2016-11-16,217.56,218.14,217.42,217.87,65617700
2016-11-17,218.05,219.06,217.92,218.99,69797200
2016-11-18,219.07,219.27,218.29,218.5,86265800
2016-11-21,219.17,220.18,219.0,220.15,72402600
2016-11-22,220.51,220.79,219.73,220.58,67429000
2016-11-23,219.98,220.76,219.75,220.7,56620200
2016-11-25,221.1,221.56,221.01,221.52,37872300
2016-11-28,221.16,221.48,220.36,220.48,76572500
2016-11-29,220.52,221.44,220.17,220.91,69886700
2016-11-30,221.63,221.82,220.31,220.38,113291800
2016-12-01,220.73,220.73,219.15,219.57,79040500
2016-12-02,219.67,220.25,219.26,219.68,74840300
2016-12-05,220.65,221.4,220.42,221.0,67837800
2016-12-06,221.22,221.74,220.66,221.7,59877400
2016-12-07,221.52,224.67,221.38,224.6,110738100
2016-12-08,224.57,225.7,224.26,225.15,99714400
2016-12-09,225.41,226.53,225.37,226.51,88005800
2016-12-12,226.4,226.96,225.76,226.25,102016100
2016-12-13,227.02,228.34,227.0,227.76,110477500
2016-12-14,227.41,228.23,225.37,225.88,142501800
2016-12-15,226.16,227.81,225.89,226.81,124972600
2016-12-16,226.01,226.08,224.67,225.04,156420200
2016-12-19,225.25,226.02,225.08,225.53,90341100
2016-12-20,226.15,226.57,225.88,226.4,89838800
2016-12-21,226.25,226.45,225.77,225.77,67909000
2016-12-22,225.6,225.74,224.92,225.38,56219100
2016-12-23,225.43,225.72,225.21,225.71,36697800
2016-12-27,226.02,226.73,226.0,226.27,42672500
2016-12-28,226.57,226.59,224.27,224.4,64095000
2016-12-29,224.48,224.89,223.84,224.35,48696100
2016-12-30,224.73,224.83,222.73,223.53,108998300
2017-01-03,225.04,225.83,223.88,225.24,91366500
2017-01-04,225.62,226.75,225.61,226.58,78744400
2017-01-05,226.27,226.58,225.48,226.4,78379000
2017-01-06,226.53,227.75,225.9,227.21,71559900
2017-01-09,226.91,227.07,226.42,226.46,46939700
2017-01-10,226.48,227.45,226.01,226.46,63771900
2017-01-11,226.36,227.1,225.59,227.1,74650000
2017-01-12,226.5,226.75,224.96,226.53,72113200
2017-01-13,226.73,227.4,226.69,227.05,62717900
2017-01-17,226.31,226.78,225.8,226.25,61240800
2017-01-18,226.54,226.8,225.9,226.75,54793300
2017-01-19,226.84,227.0,225.41,225.91,66608800
2017-01-20,226.7,227.31,225.97,226.74,129168600
2017-01-23,226.74,226.81,225.27,226.15,75061600
2017-01-24,226.4,228.08,226.27,227.6,95555300
2017-01-25,228.7,229.57,228.51,229.57,84437700
2017-01-26,229.4,229.71,229.01,229.33,59970700
2017-01-27,229.42,229.59,228.76,228.97,59711100
2017-01-30,228.17,228.2,226.41,227.55,79737300
2017-01-31,226.98,227.6,226.32,227.53,75880800
2017-02-01,227.53,228.59,226.94,227.62,79117700
2017-02-02,227.62,228.1,226.82,227.77,69657600
2017-02-03,228.82,229.55,228.46,229.34,80563200
2017-02-06,228.87,229.33,228.54,228.93,57790100
2017-02-07,229.38,229.66,228.72,228.94,57931200
2017-02-08,228.94,229.39,228.31,229.24,51566200
2017-02-09,229.24,230.95,229.24,230.6,65955200
2017-02-10,231.0,231.77,230.62,231.51,66015900
2017-02-13,232.08,233.07,232.05,232.77,55182100
2017-02-14,232.56,233.71,232.16,233.7,71109000
2017-02-15,233.45,235.14,233.39,234.92,86785800
2017-02-16,234.95,235.16,233.85,234.72,84722400
2017-02-17,233.95,235.09,233.93,235.09,77204100
2017-02-21,235.52,236.69,235.51,236.49,88946100
2017-02-22,236.02,236.54,235.83,236.28,62115200
2017-02-23,236.88,236.9,235.56,236.44,74615900
2017-02-24,235.46,236.79,235.41,236.74,82381600
2017-02-27,236.64,237.31,236.35,237.11,56515400
2017-02-28,236.67,236.95,236.02,236.47,96961900
2017-03-01,238.39,240.32,238.37,239.78,149158200
2017-03-02,239.56,239.57,238.21,238.27,70246000
2017-03-03,238.17,238.61,237.73,238.42,81974300
2017-03-06,237.5,238.12,237.01,237.71,55391500
2017-03-07,237.36,237.77,236.76,237.0,65103700
2017-03-08,237.34,237.64,236.4,236.56,78168800
2017-03-09,236.7,237.24,235.74,236.86,90683900
2017-03-10,237.97,238.02,236.59,237.69,81991700
2017-03-13,237.62,237.86,237.24,237.81,57256800
2017-03-14,237.18,237.24,236.19,236.9,59880800
2017-03-15,237.56,239.44,237.29,238.95,96081800
2017-03-16,239.11,239.2,238.1,238.48,78344000
2017-03-17,237.75,237.97,237.03,237.03,89002100
2017-03-20,237.03,237.36,236.32,236.77,52537000
2017-03-21,237.47,237.61,233.58,233.73,131809300
2017-03-22,233.77,234.61,233.05,234.28,97569200
2017-03-23,234.28,235.34,233.6,234.03,100410300
2017-03-24,234.38,235.04,232.96,233.86,112504900
2017-03-27,231.93,233.92,231.61,233.62,87454500
2017-03-28,233.27,235.81,233.14,235.32,93483900
2017-03-29,234.99,235.81,234.73,235.54,61950400
2017-03-30,235.47,236.52,235.27,236.29,56737900
2017-03-31,235.9,236.51,235.68,235.74,73733100
2017-04-03,235.8,236.03,233.91,235.33,85546500
2017-04-04,235.0,235.58,234.56,235.48,56466200
2017-04-05,236.26,237.39,234.54,234.78,108800600
2017-04-06,234.94,236.04,234.43,235.44,69135800
2017-04-07,235.15,236.0,234.64,235.2,74412300
2017-04-10,235.36,236.26,234.73,235.34,67615300
2017-04-11,234.9,235.18,233.34,235.06,88045300
2017-04-12,234.74,234.96,233.77,234.03,81864400
2017-04-13,233.64,234.49,232.51,232.51,92880400
2017-04-17,233.11,234.57,232.88,234.57,68405400
2017-04-18,233.72,234.49,233.08,233.87,83225800
2017-04-19,234.52,234.95,233.18,233.44,68699900
2017-04-20,234.15,235.85,233.78,235.34,92572200
2017-04-21,235.25,235.31,234.13,234.59,110389800
2017-04-24,237.18,237.41,234.56,237.17,119209900
2017-04-25,237.91,238.95,237.81,238.55,76698300
2017-04-26,238.51,239.53,238.35,238.4,84702500
2017-04-27,238.77,238.95,237.98,238.6,57410300
2017-04-28,238.9,238.93,237.93,238.08,63532800
2017-05-01,238.68,239.17,238.2,238.68,66882500
2017-05-02,238.84,238.98,238.3,238.77,57375700
2017-05-03,238.77,238.88,237.7,238.48,73137700
2017-05-04,238.83,238.92,237.78,238.76,61462700
2017-05-05,239.19,239.72,238.68,239.7,62001300
2017-05-08,239.75,239.92,239.17,239.66,48385700
2017-05-09,239.96,240.19,239.04,239.44,51363200
2017-05-10,239.39,239.87,239.15,239.87,54293800
2017-05-11,239.35,239.57,238.13,239.38,62358300
2017-05-12,239.09,239.43,238.67,238.98,53912700
2017-05-15,239.47,240.44,239.45,240.3,61918900
2017-05-16,240.64,240.67,239.63,240.08,51241800
2017-05-17,240.08,240.08,235.75,235.82,172174100
2017-05-18,235.73,237.75,235.43,236.77,107047700
2017-05-19,237.33,239.08,237.27,238.31,115011400
2017-05-22,238.9,239.71,238.82,239.52,61010600
2017-05-23,239.95,240.24,239.51,240.05,48341700
2017-05-24,240.32,240.73,239.93,240.61,46927700
2017-05-25,241.2,242.08,240.96,241.76,64071700
2017-05-26,241.54,241.9,241.45,241.71,46629900
2017-05-30,241.34,241.79,241.16,241.5,35201900
2017-05-31,241.84,241.88,240.64,241.44,91796000
2017-06-01,241.97,243.38,241.64,243.36,68962000
2017-06-02,243.42,244.35,243.08,244.17,88666100
2017-06-05,243.97,244.3,243.76,243.99,44698800
2017-06-06,243.34,243.98,243.12,243.21,50375400
2017-06-07,243.6,243.92,242.83,243.66,54144300
2017-06-08,243.77,244.33,243.17,243.78,65950700
2017-06-09,244.09,245.01,241.95,243.41,132256400
2017-06-12,243.13,243.42,242.38,243.36,86108100
2017-06-13,243.98,244.61,243.58,244.55,60067000
2017-06-14,244.86,244.87,243.29,244.24,78602300
2017-06-15,242.68,243.91,242.36,243.77,66464900
2017-06-16,242.77,242.83,241.63,242.64,84553100
2017-06-19,243.59,244.73,243.48,244.66,65123800
2017-06-20,244.25,244.26,242.99,243.01,56906400
2017-06-21,243.46,243.59,242.41,242.95,55977600
2017-06-22,242.96,243.53,242.64,242.84,44148100
2017-06-23,242.91,243.51,242.47,243.13,66986800
2017-06-26,243.9,244.38,243.05,243.29,56700500
2017-06-27,243.04,243.38,241.31,241.33,82247700
2017-06-28,242.5,243.72,242.23,243.49,70042600
2017-06-29,243.66,243.72,239.96,241.35,106949700
2017-06-30,242.28,242.71,241.58,241.8,86820700
2017-07-03,242.88,243.38,242.21,242.21,39153800
2017-07-05,242.63,243.01,241.7,242.77,54427600
2017-07-06,241.89,242.03,240.34,240.55,65400800
2017-07-07,241.21,242.28,240.56,242.11,57972300
2017-07-10,242.11,242.8,241.76,242.37,36663300
2017-07-11,242.37,242.55,240.85,242.19,50354600
2017-07-12,243.3,244.2,243.3,244.01,59610400
2017-07-13,244.02,244.55,243.76,244.42,39471600
2017-07-14,244.42,245.97,244.31,245.56,60262700
2017-07-17,245.47,245.91,245.33,245.53,33531900
2017-07-18,245.06,245.72,244.67,245.66,42742500
2017-07-19,246.02,247.0,246.01,246.99,51034300
2017-07-20,247.28,247.42,246.47,247.1,47135200
2017-07-21,246.44,246.91,246.18,246.88,82340800
2017-07-24,246.79,246.98,246.28,246.82,46622300
2017-07-25,247.68,247.8,247.16,247.42,54915600
2017-07-26,247.75,247.79,247.13,247.43,47575400
2017-07-27,247.96,248.0,245.68,247.2,70766600
2017-07-28,246.65,247.06,246.13,246.91,50088400
2017-07-31,247.37,247.48,246.53,246.77,65838700
2017-08-01,247.46,247.5,246.72,247.32,55050400
2017-08-02,247.47,247.6,246.37,247.44,47211200
2017-08-03,247.31,247.34,246.64,246.96,40856000
2017-08-04,247.52,247.79,246.97,247.41,60191800
2017-08-07,247.49,247.87,247.37,247.87,31995000
2017-08-08,247.51,248.91,246.83,247.26,61719400
2017-08-09,246.47,247.31,246.06,247.25,62632600
2017-08-10,246.29,246.44,243.7,243.76,120479500
2017-08-11,244.02,244.8,243.75,244.12,74869900
2017-08-14,245.59,246.79,245.55,246.54,73291900
2017-08-15,246.98,247.0,246.16,246.51,55242700
2017-08-16,247.11,247.57,246.45,246.94,56715500
2017-08-17,246.24,246.6,243.09,243.09,128490400
2017-08-18,242.9,244.19,242.2,242.71,136748000
2017-08-21,242.64,243.2,241.83,242.9,65469700
2017-08-22,243.57,245.62,243.55,245.44,63140100
2017-08-23,244.33,245.05,244.16,244.56,50203800
2017-08-24,245.0,245.18,243.75,243.99,50741700
2017-08-25,244.9,245.61,244.39,244.56,64445900
2017-08-28,245.17,245.2,244.09,244.57,40565600
2017-08-29,243.06,245.15,242.93,244.85,51135700
2017-08-30,244.83,246.32,244.62,246.01,62030800
2017-08-31,246.72,247.77,246.05,247.49,103803900
2017-09-01,247.92,248.33,247.67,247.84,62007000
2017-09-05,247.26,247.52,244.95,246.06,91398800
2017-09-06,246.84,247.28,246.23,246.9,57916900
2017-09-07,247.25,247.27,246.4,246.87,58034700
2017-09-08,246.54,247.11,246.3,246.58,63832800
2017-09-11,248.04,249.3,248.02,249.21,71364800
2017-09-12,249.63,250.09,249.42,250.05,56896000
2017-09-13,249.72,250.21,249.59,250.17,59228000
2017-09-14,249.8,250.32,249.6,250.09,95446300
2017-09-15,248.69,249.29,248.57,249.19,95432400
2017-09-18,249.61,250.12,249.28,249.72,46235200
2017-09-19,250.0,250.07,249.6,249.97,47108100
2017-09-20,250.07,250.19,248.92,250.06,59574100
2017-09-21,249.88,249.98,249.19,249.39,48211400
2017-09-22,249.05,249.63,249.02,249.44,51214000
2017-09-25,249.15,249.55,248.08,248.93,57064400
2017-09-26,249.42,249.7,248.81,249.08,54082000
2017-09-27,249.88,250.49,248.87,250.05,81001400
2017-09-28,249.73,250.44,249.63,250.35,44778800
2017-09-29,250.34,251.32,250.13,251.23,85578000
2017-10-02,251.49,252.32,251.29,252.32,59023000
2017-10-03,252.32,252.89,252.23,252.86,66810200
2017-10-04,252.69,253.44,252.56,253.16,55953600
2017-10-05,253.54,254.68,253.2,254.66,63522800
2017-10-06,254.15,254.7,253.85,254.37,80646000
2017-10-09,254.63,254.7,253.65,253.95,35803100
2017-10-10,254.6,255.05,253.98,254.62,43057400
2017-10-11,254.51,255.02,254.32,255.02,47674300
2017-10-12,254.66,255.06,254.37,254.64,47065100
2017-10-13,255.14,255.27,254.64,254.95,54800400
2017-10-16,255.21,255.51,254.82,255.29,38221700
2017-10-17,255.23,255.52,254.98,255.47,31561000
2017-10-18,255.9,255.95,255.5,255.72,40888300
2017-10-19,254.83,255.83,254.35,255.79,61903800
2017-10-20,256.7,257.14,255.77,257.11,89176400
2017-10-23,257.48,257.51,256.02,256.11,63915300
2017-10-24,256.6,256.83,256.15,256.56,66935900
2017-10-25,256.18,256.31,254.0,255.29,103715300
2017-10-26,255.99,256.3,255.48,255.62,69798000
2017-10-27,256.47,257.89,255.63,257.71,85562500
2017-10-30,256.47,257.6,256.41,256.75,54285700
2017-10-31,257.18,257.44,256.81,257.15,60304800
2017-11-01,258.04,258.43,257.07,257.49,54202700
2017-11-02,257.41,257.75,256.19,257.59,56449500
2017-11-03,257.77,258.5,257.3,258.45,59589700
2017-11-06,258.3,259.0,258.22,258.85,49652600
2017-11-07,258.97,259.35,258.09,258.67,57502200
2017-11-08,258.47,259.22,258.15,259.11,50469600
2017-11-09,257.73,258.39,256.36,258.17,95085500
2017-11-10,257.73,258.29,257.37,258.09,59984700
2017-11-13,257.31,258.59,257.27,258.33,50228600
2017-11-14,257.41,257.85,256.52,257.73,61315200
2017-11-15,256.62,257.22,255.63,256.44,80811500
2017-11-16,257.52,259.04,257.47,258.62,67777000
2017-11-17,258.22,258.59,257.77,257.86,75756800
2017-11-20,258.14,258.52,257.86,258.3,48075500
2017-11-21,259.18,260.2,258.26,259.99,69176800
2017-11-22,260.0,260.15,259.57,259.76,45033400
2017-11-24,260.32,260.48,260.16,260.36,27856500
2017-11-27,260.41,260.75,260.0,260.23,52274900
2017-11-28,260.76,262.9,260.65,262.87,98971700
2017-11-29,263.02,263.63,262.2,262.71,77512100
2017-11-30,263.76,266.05,263.67,265.01,127894400
2017-12-01,264.76,265.31,260.76,264.46,164390900
2017-12-04,266.31,266.8,264.08,264.14,94040600
2017-12-05,263.19,265.15,263.04,263.19,77994500
2017-12-06,263.3,263.73,262.71,263.24,75898600
2017-12-07,264.07,264.43,262.94,264.07,77218600
2017-12-08,265.16,265.52,264.03,265.51,76563900
2017-12-11,266.31,266.38,265.48,266.31,83077500
2017-12-12,267.21,267.32,266.35,266.78,85195800
2017-12-13,267.06,267.56,266.65,266.75,102905400
2017-12-14,267.09,267.22,265.6,265.66,100666700
2017-12-15,265.45,267.04,265.39,266.51,144610300
2017-12-18,268.1,268.6,267.98,268.2,83653600
2017-12-19,268.48,268.53,267.09,267.17,82382900
2017-12-20,268.27,268.33,266.69,267.03,76751500
2017-12-21,267.74,268.39,267.3,267.58,67032300
2017-12-22,267.6,267.64,266.9,267.51,78720900
2017-12-26,267.05,267.44,266.89,267.19,45244400
2017-12-27,267.38,267.73,267.01,267.32,57751000
2017-12-28,267.89,267.92,267.45,267.87,45116100
2017-12-29,268.53,268.55,266.64,266.86,96007400
2018-01-02,267.84,268.81,267.4,268.77,86655700
2018-01-03,268.96,270.64,268.96,270.47,90070400
2018-01-04,271.2,272.16,270.54,271.61,80636400
2018-01-05,272.51,273.56,271.95,273.42,83524000
2018-01-08,273.31,274.1,272.98,273.92,57319200
2018-01-09,274.4,275.25,274.08,274.54,57254000
2018-01-10,273.68,274.42,272.92,274.12,69574300
2018-01-11,274.75,276.12,274.56,276.12,62361500
2018-01-12,276.42,278.11,276.08,277.92,90816100
2018-01-16,279.35,280.09,276.18,276.97,106555100
2018-01-17,278.03,280.05,276.97,279.61,113258800
2018-01-18,279.48,279.96,278.58,279.14,100728000
2018-01-19,279.8,280.41,279.14,280.41,140920100
2018-01-22,280.17,282.69,280.11,282.69,91322400
2018-01-23,282.74,283.62,282.37,283.29,97084700
2018-01-24,284.02,284.7,281.84,283.18,134816100
2018-01-25,284.16,284.27,282.4,283.3,84587300
2018-01-26,284.25,286.63,283.96,286.58,107743100
2018-01-29,285.93,286.43,284.5,284.68,90118300
2018-01-30,282.6,284.74,281.22,281.76,131796400
2018-01-31,282.73,283.3,280.68,281.9,108364800
2018-02-01,281.07,283.06,280.68,281.58,90102500
2018-02-02,280.08,280.23,275.41,275.45,173174800
2018-02-05,273.45,275.85,263.31,263.93,294681800
2018-02-06,259.94,269.7,258.7,269.13,355026800
2018-02-07,268.5,272.36,267.58,267.67,167376100
2018-02-08,268.01,268.17,257.59,257.63,246449500
2018-02-09,260.8,263.61,252.92,261.5,283565300
2018-02-12,263.83,267.01,261.66,265.34,143736000
2018-02-13,263.97,266.62,263.31,266.0,81223600
2018-02-14,264.31,270.0,264.3,269.59,120735700
2018-02-15,271.57,273.04,268.77,273.03,111200300
2018-02-16,272.32,275.32,272.27,273.11,160420100
2018-02-20,272.03,273.67,270.5,271.4,86369700
2018-02-21,271.9,274.72,269.94,270.05,98883700
2018-02-22,271.1,273.05,269.64,270.4,110511300
2018-02-23,271.79,274.71,271.25,274.71,92766400
2018-02-26,275.93,278.01,275.26,277.9,86491400
2018-02-27,278.11,278.92,274.36,274.43,99099200
2018-02-28,275.68,276.19,271.29,271.65,121907800
2018-03-01,271.41,273.17,266.0,267.7,176855100
2018-03-02,265.8,269.72,264.82,269.08,139083200
2018-03-05,267.73,272.89,267.61,272.19,97307400
2018-03-06,273.3,273.39,271.18,272.88,79213200
2018-03-07,270.42,273.18,270.2,272.78,87063500
2018-03-08,273.55,274.24,272.42,274.1,66901200
2018-03-09,275.7,278.87,275.34,278.87,113625300
2018-03-12,279.2,279.91,278.08,278.52,71924800
2018-03-13,279.84,280.41,276.03,276.72,91968900
2018-03-14,277.81,278.02,274.67,275.3,105895100
2018-03-15,275.88,276.61,274.43,275.0,83433000
2018-03-16,274.5,275.39,274.14,274.2,100343700
2018-03-19,273.35,274.4,268.62,270.49,109208400
2018-03-20,270.94,271.67,270.18,270.95,59757300
2018-03-21,270.9,273.27,270.19,270.43,78709600
2018-03-22,267.91,268.87,263.36,263.67,148785900
2018-03-23,264.17,264.54,257.83,258.05,183534800
2018-03-26,262.13,265.43,259.41,265.11,141956100
2018-03-27,266.17,266.77,258.84,260.6,129941400
2018-03-28,260.75,262.64,258.58,259.83,146452300
2018-03-29,261.12,265.26,259.84,263.15,111601600
2018-04-02,262.55,263.13,254.67,257.47,186286300
2018-04-03,258.87,261.31,256.84,260.77,119956900
2018-04-04,256.75,264.36,256.6,263.56,123715300
2018-04-05,265.55,266.64,264.32,265.64,82652600
2018-04-06,263.42,265.11,258.0,259.72,179521200
2018-04-09,261.37,264.84,259.94,261.0,105442900
2018-04-10,264.27,266.04,262.98,265.15,103529000
2018-04-11,263.47,265.64,263.39,263.76,91140200
2018-04-12,265.26,267.0,265.06,265.93,68890500
2018-04-13,267.41,267.54,264.01,265.15,85079200
2018-04-16,267.0,268.2,266.07,267.33,63405300
2018-04-17,269.33,270.87,268.75,270.19,64682000
2018-04-18,270.69,271.3,269.87,270.39,57303900
2018-04-19,269.65,269.88,267.72,268.89,77655900
2018-04-20,268.81,269.06,265.61,266.61,99953100
2018-04-23,267.26,267.89,265.35,266.57,65558000
2018-04-24,267.73,267.98,261.28,262.98,112885500
2018-04-25,262.91,264.13,260.85,263.63,103840900
2018-04-26,264.79,267.25,264.29,266.31,67731900
2018-04-27,267.0,267.34,265.5,266.56,57053600
2018-04-30,267.26,267.89,264.43,264.51,82182300
2018-05-01,263.87,265.1,262.11,264.98,74203400
2018-05-02,264.76,265.68,262.76,263.2,86368900
2018-05-03,262.26,263.36,259.05,262.62,136311500
2018-05-04,261.52,266.79,261.15,266.02,91222100
2018-05-07,266.89,268.02,266.11,266.92,55304900
2018-05-08,266.5,267.33,265.15,266.92,67499200
2018-05-09,267.68,269.87,267.09,269.5,59666100
2018-05-10,270.34,272.39,270.22,272.02,72063900
2018-05-11,272.16,273.15,271.58,272.85,59871500
2018-05-14,273.34,274.08,272.36,272.98,54790600
2018-05-15,271.59,271.61,270.03,271.1,87036100
2018-05-16,271.14,272.76,271.11,272.24,53942600
2018-05-17,271.94,273.23,271.13,272.01,56536400
2018-05-18,271.62,272.03,270.93,271.33,64368000
2018-05-21,273.01,273.98,272.57,273.37,58025900
2018-05-22,273.96,274.25,272.24,272.61,52966400
2018-05-23,271.17,273.39,270.99,273.36,64694200
2018-05-24,272.91,273.22,270.78,272.8,76043800
2018-05-25,272.15,272.86,271.58,272.15,56374800
2018-05-29,270.31,271.17,267.76,269.02,115908600
2018-05-30,270.5,273.11,270.42,272.61,69678400
2018-05-31,272.15,272.49,270.26,270.94,93519900
2018-06-01,272.41,273.94,272.33,273.6,71258400
2018-06-04,274.53,275.19,274.26,274.9,45385200
2018-06-05,275.05,275.53,274.18,275.1,51135000
2018-06-06,275.79,277.52,275.09,277.4,62732200
2018-06-07,277.95,278.28,276.34,277.37,72969400
2018-06-08,276.85,278.25,276.66,278.19,72139700
2018-06-11,278.44,279.37,278.31,278.56,58892500
2018-06-12,279.03,279.33,278.19,278.92,72329000
2018-06-13,279.19,279.48,277.8,278.03,79070600
2018-06-14,279.01,279.33,278.06,278.73,77097600
2018-06-15,276.6,277.51,275.35,277.13,120041600
2018-06-18,275.49,276.7,274.95,276.56,52917600
2018-06-19,274.0,275.75,273.53,275.5,97531500
2018-06-20,276.27,276.72,275.59,275.97,53785500
2018-06-21,275.96,275.98,273.68,274.24,71061400
2018-06-22,275.66,275.79,274.49,274.74,54898500
2018-06-25,273.44,273.62,269.1,271.0,137854200
2018-06-26,271.64,272.56,270.79,271.6,68547400
2018-06-27,272.26,273.87,269.18,269.35,105110700
2018-06-28,269.29,271.75,268.49,270.89,76650500
2018-06-29,272.12,273.66,271.15,271.28,97592500
2018-07-02,269.51,272.04,269.24,271.86,63554800
2018-07-03,272.87,272.98,270.42,270.9,42187100
2018-07-05,272.17,273.18,270.96,273.11,56925900
2018-07-06,273.14,275.84,272.71,275.42,66493700
2018-07-09,276.55,277.96,276.5,277.9,50550400
2018-07-10,278.41,279.01,278.08,278.9,51966800
2018-07-11,277.15,278.04,276.52,276.86,77054700
2018-07-12,278.28,279.43,277.6,279.37,60124700
2018-07-13,279.17,279.93,278.66,279.59,48216000
2018-07-16,279.64,279.8,278.84,279.34,48201000
2018-07-17,278.47,280.91,278.41,280.47,52315500
2018-07-18,280.56,281.18,280.06,281.06,44593500
2018-07-19,280.31,280.74,279.46,280.0,61412100
2018-07-20,279.77,280.48,279.5,279.68,82337700
2018-07-23,279.45,280.43,279.06,280.2,47047600
2018-07-24,281.79,282.56,280.63,281.61,68026900
2018-07-25,281.33,284.37,281.28,284.01,78882900
2018-07-26,283.2,284.11,283.09,283.34,57919500
2018-07-27,283.71,283.82,280.38,281.42,76768700
2018-07-30,281.51,281.69,279.36,279.95,63742500
2018-07-31,280.81,282.02,280.38,281.33,68570500
2018-08-01,281.56,282.13,280.13,280.86,53853300
2018-08-02,279.39,282.58,279.16,282.39,63426400
2018-08-03,282.53,283.66,282.33,283.6,53935400
2018-08-06,283.64,284.99,283.2,284.64,39400900
2018-08-07,285.39,286.01,285.24,285.58,43196600
2018-08-08,285.39,285.91,284.94,285.46,42114600
2018-08-09,285.53,285.97,284.92,285.07,35717000
2018-08-10,283.45,284.06,282.36,283.16,77076000
2018-08-13,283.47,284.16,281.77,282.1,65732900
2018-08-14,282.92,284.17,282.48,283.9,43842000
2018-08-15,282.38,282.54,280.16,281.78,102925400
2018-08-16,283.4,285.04,283.36,284.06,69967900
2018-08-17,283.83,285.56,283.37,285.06,65618500
2018-08-20,285.57,285.97,285.06,285.67,39807500
2018-08-21,286.25,287.31,285.71,286.34,67272000
2018-08-22,285.88,286.76,285.58,286.17,44993300
2018-08-23,285.97,286.94,285.43,285.79,49204900
2018-08-24,286.44,287.67,286.38,287.51,57487400
2018-08-27,288.86,289.9,288.68,289.78,57072400
2018-08-28,290.3,290.42,289.4,289.92,46943500
2018-08-29,290.16,291.74,289.89,291.48,61485500
2018-08-30,290.94,291.36,289.63,290.3,61229500
2018-08-31,289.84,290.81,289.29,290.31,66140800
2018-09-04,289.84,290.21,288.68,289.81,57594400
2018-09-05,289.41,289.64,287.89,289.03,72452400
2018-09-06,289.15,289.49,287.0,288.16,65909900
2018-09-07,286.98,288.7,286.71,287.6,73524800
2018-09-10,288.74,289.04,287.88,288.1,50210900
2018-09-11,287.37,289.55,286.98,289.05,50530500
2018-09-12,289.06,289.8,288.23,289.12,59810800
2018-09-13,290.32,291.04,290.0,290.83,51034200
2018-09-14,291.06,291.27,290.0,290.88,55079900
2018-09-17,290.82,290.86,289.03,289.34,68244000
2018-09-18,289.58,291.58,289.55,290.91,61930400
2018-09-19,290.97,291.69,290.83,291.22,49080600
2018-09-20,292.64,293.94,291.24,293.58,100360600
2018-09-21,293.09,293.22,291.81,291.99,105479700
2018-09-24,291.34,291.5,290.37,291.02,53409600
2018-09-25,291.53,291.65,290.48,290.75,44370000
2018-09-26,290.91,292.24,289.41,289.88,79739700
2018-09-27,290.41,291.91,290.1,290.69,59249500
2018-09-28,289.99,291.28,289.95,290.72,70091400
2018-10-01,292.11,292.93,290.98,291.73,62078900
2018-10-02,291.56,292.36,291.14,291.56,47258200
2018-10-03,292.74,293.21,291.32,291.72,64694600
2018-10-04,291.18,291.24,287.66,289.44,111545900
2018-10-05,289.69,290.27,286.22,287.82,105951700
2018-10-08,287.05,288.22,285.5,287.82,87742200
2018-10-09,287.39,288.86,286.77,287.4,74339000
2018-10-10,286.83,286.91,277.88,278.3,214731000
2018-10-11,277.08,278.9,270.36,272.17,274840500
2018-10-12,276.77,277.09,272.37,275.95,183186500
2018-10-15,275.55,277.04,274.3,274.4,102263700
2018-10-16,276.6,280.82,276.07,280.4,118255800
2018-10-17,280.44,281.15,277.56,280.45,110626000
2018-10-18,279.4,280.07,274.97,276.4,134557500
2018-10-19,277.13,279.3,275.47,276.25,139901600
2018-10-22,277.0,277.36,274.41,275.01,82415800
2018-10-23,270.95,274.87,268.61,273.61,146352700
2018-10-24,273.33,273.76,264.7,265.32,177806700
2018-10-25,267.38,271.81,266.23,270.08,138061500
2018-10-26,265.92,271.0,262.29,265.33,201574600
2018-10-29,268.8,270.25,259.85,263.86,160749100
2018-10-30,263.67,268.12,263.12,267.77,157116000
2018-10-31,270.65,273.23,270.12,270.63,128296300
2018-11-01,271.6,273.73,270.38,273.51,99495000
2018-11-02,274.75,275.23,269.59,271.89,122634100
2018-11-05,272.44,274.01,271.35,273.39,65622500
2018-11-06,273.32,275.3,273.25,275.12,60085900
2018-11-07,277.56,281.1,277.08,281.01,102752100
2018-11-08,280.11,281.22,279.22,280.5,65584900
2018-11-09,279.03,279.24,276.18,277.76,98812600
2018-11-12,277.19,277.46,271.99,272.57,99673600
2018-11-13,273.09,275.33,271.25,272.06,98176600
2018-11-14,274.16,274.61,268.45,270.2,125335900
2018-11-15,268.78,273.54,267.01,273.02,135101400
2018-11-16,271.79,274.75,271.21,273.73,126668000
2018-11-19,273.05,273.38,268.07,269.1,103061700
2018-11-20,265.36,267.0,263.15,264.12,136021300
2018-11-21,265.86,267.15,265.01,265.02,75563700
2018-11-23,263.18,264.82,263.07,263.25,42807900
2018-11-26,265.78,267.75,265.34,267.5,79981400
2018-11-27,266.34,268.4,265.66,268.4,75502400
2018-11-28,269.6,274.58,268.33,274.58,127629600
2018-11-29,273.71,275.55,272.43,273.98,82346400
2018-11-30,273.81,276.28,273.45,275.65,98204200
2018-12-03,280.28,280.4,277.51,279.3,103176300
2018-12-04,278.37,278.85,269.9,270.25,177986000
2018-12-06,265.92,269.97,262.44,269.84,204185400
2018-12-07,269.46,271.22,262.63,263.57,161018900
2018-12-10,263.37,265.16,258.62,264.07,151445900
2018-12-11,267.66,267.87,262.48,264.13,121504400
2018-12-12,267.47,269.0,265.37,265.46,97976700
2018-12-13,266.52,267.49,264.12,265.37,96662700
2018-12-14,262.96,264.03,259.85,260.47,116961100
2018-12-17,259.4,260.65,253.53,255.36,165492300
2018-12-18,257.2,257.95,253.28,255.08,134515100
2018-12-19,255.17,259.4,249.35,251.26,214992800
2018-12-20,249.86,251.62,244.65,247.17,252053400
2018-12-21,246.74,249.71,239.98,240.7,255345600
2018-12-24,239.04,240.84,234.27,234.34,147311600
2018-12-26,235.97,246.18,233.76,246.18,218485400
2018-12-27,242.57,248.29,238.96,248.07,186267300
2018-12-28,249.58,251.4,246.45,247.75,153100200
2018-12-31,249.56,250.19,247.47,249.92,144299400
2019-01-02,245.98,251.21,245.95,250.18,126925200
2019-01-03,248.23,248.57,243.67,244.21,144140700
2019-01-04,247.59,253.11,247.17,252.39,142628800
2019-01-07,252.69,255.95,251.69,254.38,103139100
2019-01-08,256.82,257.31,254.0,256.77,102512600
2019-01-09,257.56,258.91,256.19,257.97,95006600
2019-01-10,256.26,259.16,255.5,258.88,96823900
2019-01-11,257.68,259.01,257.03,258.98,73858100
2019-01-14,256.86,258.3,256.41,257.4,70908200
2019-01-15,257.82,260.7,257.81,260.35,85208300
2019-01-16,260.83,261.97,260.6,260.98,77636700
2019-01-17,260.01,263.92,259.96,262.96,96118400
2019-01-18,264.98,266.98,263.0,266.46,127900300
2019-01-22,264.82,265.06,261.06,262.86,115531200
2019-01-23,264.01,264.79,260.66,263.41,86030300
2019-01-24,263.21,264.2,262.08,263.55,59204100
2019-01-25,265.61,266.7,263.66,265.78,96883400
2019-01-28,263.39,263.83,261.79,263.76,85613700
2019-01-29,263.92,264.55,262.48,263.41,66136300
2019-01-30,265.1,268.52,264.25,267.58,92473700
2019-01-31,267.51,270.47,267.27,269.93,104012100
2019-02-01,270.15,271.2,269.18,270.06,85782500
2019-02-04,270.11,272.03,269.36,271.96,60744800
2019-02-05,272.44,273.44,271.88,273.1,79552800
2019-02-06,272.79,273.34,271.92,272.74,58347800
2019-02-07,270.94,271.55,268.29,270.14,95482000
2019-02-08,268.75,270.58,267.83,270.47,75788900
2019-02-11,271.2,271.49,270.03,270.62,68021400
2019-02-12,272.42,274.52,272.34,274.1,72270200
2019-02-13,275.03,275.93,274.56,274.99,65277200
2019-02-14,273.78,275.64,272.87,274.38,83234400
2019-02-15,276.36,277.41,276.13,277.37,97088700
2019-02-19,276.48,278.58,276.47,277.85,59120800
2019-02-20,277.81,278.92,277.25,278.41,76610800
2019-02-21,277.7,278.1,276.35,277.42,64214700
2019-02-22,278.11,279.36,277.4,279.14,78114600
2019-02-25,280.73,281.31,279.43,279.52,69030700
2019-02-26,279.13,280.3,278.9,279.32,56844100
2019-02-27,278.52,279.59,277.48,279.2,56921600
2019-02-28,278.96,279.45,278.32,278.68,69268300
2019-03-01,280.44,280.88,278.82,280.42,78880500
2019-03-04,281.6,281.87,276.84,279.4,106494600
2019-03-05,279.54,279.76,278.41,279.02,59114600
2019-03-06,279.15,279.16,276.97,277.33,75039800
2019-03-07,276.83,276.99,274.07,275.01,94885100
2019-03-08,272.94,274.65,272.42,274.46,85795800
2019-03-11,275.26,278.62,275.23,278.44,65098900
2019-03-12,279.06,280.07,278.85,279.49,79667500
2019-03-13,280.48,282.38,280.3,281.34,80639200
2019-03-14,281.37,281.84,280.67,281.16,67518400
2019-03-15,280.54,282.21,280.33,281.31,81309000
2019-03-18,281.55,282.66,281.3,282.33,62199800
2019-03-19,283.51,284.36,281.41,282.4,90268100
2019-03-20,282.16,283.5,280.32,281.55,84609200
2019-03-21,280.64,285.18,280.59,284.73,79550400
2019-03-22,283.22,283.8,279.18,279.25,122659300
2019-03-25,278.87,280.19,277.64,279.04,85575200
2019-03-26,280.99,282.18,279.56,281.12,68125900
2019-03-27,281.11,281.76,277.93,279.65,72224700
2019-03-28,280.35,281.21,279.07,280.71,56238500
2019-03-29,282.39,282.84,281.14,282.48,82186800
2019-04-01,284.7,286.16,284.4,285.83,77617900
2019-04-02,286.04,286.23,285.09,285.97,40070400
2019-04-03,287.32,287.76,285.75,286.42,68243200
2019-04-04,286.78,287.46,286.01,287.18,48997500
2019-04-05,287.92,288.63,287.6,288.57,58621700
2019-04-08,288.1,288.91,287.37,288.79,53566300
2019-04-09,287.72,288.08,286.7,287.31,66142300
2019-04-10,287.77,288.39,287.31,288.29,52601500
2019-04-11,288.83,288.84,287.58,288.21,55093100
2019-04-12,290.0,290.47,288.26,290.16,69727800
2019-04-15,290.24,290.35,289.08,289.97,49596700
2019-04-16,290.95,291.01,289.5,290.16,52153200
2019-04-17,291.4,291.43,288.99,289.45,58268300
2019-04-18,290.1,290.32,288.66,290.02,68708500
2019-04-22,289.17,290.44,289.07,290.27,40160100
2019-04-23,290.68,293.14,290.42,292.88,52246600
2019-04-24,292.79,293.16,292.07,292.23,50392900
2019-04-25,292.12,292.78,290.73,292.05,57770900
2019-04-26,292.1,293.49,291.24,293.41,50916400
2019-04-29,293.51,294.45,293.41,293.87,57197700
2019-04-30,293.49,294.34,291.92,294.02,81111700
2019-05-01,294.72,294.95,291.8,291.81,71671900
2019-05-02,291.68,292.7,289.52,291.18,65030200
2019-05-03,292.82,294.34,291.3,294.03,56543700
2019-05-06,289.25,293.31,288.9,292.82,107198100
2019-05-07,290.15,290.81,285.81,287.93,144729900
2019-05-08,287.53,289.43,286.87,287.53,91568300
2019-05-09,285.23,287.33,283.3,286.66,103471100
2019-05-10,285.62,288.94,282.3,288.1,112429300
2019-05-13,282.42,283.49,279.93,280.86,127290500
2019-05-14,281.99,285.1,281.85,283.4,77003200
2019-05-15,281.59,285.77,281.36,285.06,73956400
2019-05-16,285.84,289.21,285.76,287.7,76749600
2019-05-17,285.14,288.6,285.12,285.84,100353000
2019-05-20,284.06,285.96,283.12,283.95,62877600
2019-05-21,285.83,286.93,285.55,286.51,46847100
2019-05-22,285.45,286.69,285.1,285.63,49482500
2019-05-23,283.16,283.21,280.57,282.14,98733800
2019-05-24,283.74,284.2,282.09,282.78,55268100
2019-05-28,283.09,284.15,280.13,280.15,70029400
2019-05-29,278.91,279.36,276.71,278.27,104972900
2019-05-30,279.11,280.04,277.81,279.03,62523800
2019-05-31,276.2,277.12,275.24,275.27,86862800
2019-06-03,275.31,276.55,273.09,274.57,96428000
2019-06-04,277.12,280.68,276.62,280.53,77231900
2019-06-05,282.33,282.99,280.32,282.96,71169700
2019-06-06,283.29,285.55,282.57,284.8,69430400
2019-06-07,285.93,288.85,285.74,287.65,74272200
2019-06-10,289.37,290.82,288.87,288.97,60799100
2019-06-11,290.99,291.4,288.18,288.9,58641300
2019-06-12,288.64,289.26,287.82,288.39,47096300
2019-06-13,289.4,289.98,288.62,289.58,48945200
2019-06-14,289.26,289.93,288.41,289.26,52324700
2019-06-17,289.52,290.22,289.18,289.37,39205700
2019-06-18,291.39,293.57,290.99,292.4,85434800
2019-06-19,292.55,293.65,291.47,293.06,78674400
2019-06-20,296.04,296.31,293.13,295.86,116570000
2019-06-21,294.13,295.52,293.76,294.0,83309500
2019-06-24,294.23,294.58,293.47,293.64,47582700
2019-06-25,293.7,293.73,290.64,290.76,82028700
2019-06-26,291.75,292.31,290.35,290.47,51584900
2019-06-27,291.31,292.06,290.89,291.5,40355200
2019-06-28,292.58,293.55,292.01,293.0,59350900
2019-07-01,296.68,296.92,294.33,295.66,78705600
2019-07-02,295.61,296.49,294.68,296.43,61504500
2019-07-03,297.18,298.82,297.02,298.8,40898900
2019-07-05,297.44,298.64,296.01,298.46,51677300
2019-07-08,297.01,298.26,296.22,296.82,45841800
2019-07-09,295.54,297.52,295.48,297.19,41101300
2019-07-10,298.37,299.66,297.78,298.61,58448500
2019-07-11,299.32,299.58,298.2,299.31,50826100
2019-07-12,299.85,300.73,299.51,300.65,40326000
2019-07-15,301.13,301.13,300.19,300.75,33900000
2019-07-16,300.65,300.88,299.44,299.78,36650100
2019-07-17,299.75,299.93,297.74,297.74,36036300
2019-07-18,297.19,299.25,296.7,298.83,51392600
2019-07-19,300.04,300.07,296.98,297.17,58678600
2019-07-22,297.61,298.5,297.04,297.9,43638100
2019-07-23,299.14,300.03,298.22,300.03,44564500
2019-07-24,299.19,301.44,299.09,301.44,47213200
2019-07-25,300.94,301.0,299.11,300.0,55394100
2019-07-26,300.76,302.23,300.62,302.01,45084100
2019-07-29,301.88,302.01,300.85,301.46,38126500
2019-07-30,299.91,301.17,299.49,300.72,45849000
2019-07-31,300.99,301.2,295.2,297.43,104245200
2019-08-01,297.6,300.87,293.96,294.84,142646600
2019-08-02,293.85,294.12,290.9,292.62,116749700
2019-08-05,288.09,288.21,281.72,283.82,178745400
2019-08-06,285.91,288.04,284.28,287.8,120711700
2019-08-07,284.4,288.82,282.04,287.97,140572300
2019-08-08,289.62,293.62,289.01,293.62,87713900
2019-08-09,292.58,293.24,289.65,291.62,93730000
2019-08-12,289.96,291.61,287.02,288.07,65527600
2019-08-13,287.74,294.15,287.36,292.55,94299800
2019-08-14,288.07,288.74,283.76,283.9,135622100
2019-08-15,284.88,285.64,282.39,284.65,99556600
2019-08-16,286.48,289.33,284.71,288.85,83018300
2019-08-19,292.19,293.08,291.44,292.33,53571800
2019-08-20,291.77,292.36,289.95,290.09,51596400
2019-08-21,292.48,292.86,291.72,292.45,49524700
2019-08-22,293.23,293.93,290.4,292.36,51666400
2019-08-23,290.92,292.76,283.47,284.85,149161500
2019-08-26,287.27,288.0,285.58,288.0,72423800
2019-08-27,289.54,289.95,286.03,286.87,66668900
2019-08-28,286.14,289.07,285.25,288.89,59696700
2019-08-29,291.72,293.16,290.61,292.58,57899400
2019-08-30,294.22,294.24,291.42,292.45,62901200
2019-09-03,290.57,291.58,289.27,290.74,69101400
2019-09-04,293.14,294.06,292.31,294.04,46887300
2019-09-05,296.79,298.83,294.0,297.82,83258100
2019-09-06,298.17,298.76,297.42,298.05,49584300
2019-09-09,299.14,299.24,297.16,298.2,51260300
2019-09-10,297.36,298.2,295.97,298.13,57947100
2019-09-11,298.47,300.34,297.75,300.25,68821100
2019-09-12,301.25,302.46,300.41,301.29,72908700
2019-09-13,301.78,302.17,300.68,301.09,62104800
2019-09-16,299.84,301.14,299.45,300.16,58191200
2019-09-17,299.94,301.02,299.75,300.92,41475500
2019-09-18,300.49,301.22,298.24,301.1,73375800
2019-09-19,301.53,302.63,300.71,301.08,76560500
2019-09-20,300.36,300.67,297.41,298.28,89565000
2019-09-23,297.55,299.0,297.27,298.21,43476800
2019-09-24,299.41,299.84,294.81,295.87,94869400
2019-09-25,295.96,298.11,294.33,297.62,71854000
2019-09-26,297.63,297.86,295.45,297.0,56179700
2019-09-27,297.83,297.95,293.69,295.4,84746600
2019-09-30,295.97,297.55,295.92,296.77,51662400
2019-10-01,297.74,298.46,293.0,293.24,88242400
2019-10-02,291.5,291.51,286.64,288.06,122539500
2019-10-03,287.81,290.45,284.82,290.42,85278800
2019-10-04,291.14,294.63,291.08,294.35,65091200
2019-10-07,293.47,295.26,292.77,293.08,59610500
2019-10-08,291.04,291.85,288.49,288.53,95708100
2019-10-09,290.75,292.3,290.06,291.27,62359400
2019-10-10,291.18,294.21,291.0,293.24,55296300
2019-10-11,296.27,298.74,296.14,296.28,98720400
2019-10-14,295.93,296.67,295.57,295.95,40394800
2019-10-15,297.1,299.7,296.97,298.88,46754500
2019-10-16,298.37,299.16,297.92,298.4,48928200
2019-10-17,299.68,300.24,298.52,299.28,45736600
2019-10-18,298.69,299.4,297.03,297.97,64304000
2019-10-21,299.42,300.21,298.94,299.99,39048600
2019-10-22,300.58,300.9,298.91,299.01,48594700
2019-10-23,298.73,299.94,298.5,299.88,34352200
2019-10-24,300.91,301.07,299.46,300.37,35453100
2019-10-25,299.74,302.2,299.68,301.6,45205400
2019-10-28,302.94,303.85,302.91,303.3,42147000
2019-10-29,303.0,304.23,302.86,303.21,44284900
2019-10-30,303.43,304.55,301.99,304.14,49643900
2019-10-31,304.13,304.13,301.73,303.33,69053800
2019-11-01,304.92,306.19,304.74,306.14,71141500
2019-11-04,307.85,308.0,306.96,307.37,60606900
2019-11-05,307.59,307.92,306.71,307.03,42933200
2019-11-06,307.03,307.4,306.06,307.1,46487100
2019-11-07,308.57,309.65,307.66,308.18,54272300
2019-11-08,307.8,309.0,307.03,308.94,49032100
2019-11-11,307.42,308.54,307.27,308.35,35797300
2019-11-12,308.75,309.99,308.15,309.0,46484600
2019-11-13,307.91,309.54,307.66,309.1,53917700
2019-11-14,308.79,309.64,308.09,309.55,51219900
2019-11-15,311.02,311.84,310.26,311.79,62023600
2019-11-18,311.53,312.28,311.03,312.02,49228000
2019-11-19,312.68,312.69,311.22,311.93,67804700
2019-11-20,311.28,311.85,309.06,310.77,79406200
2019-11-21,310.89,311.01,309.39,310.27,54664700
2019-11-22,311.09,311.24,309.85,310.96,44850200
2019-11-25,311.98,313.37,311.98,313.37,48647200
2019-11-26,313.41,314.28,313.06,314.08,37569000
2019-11-27,314.61,315.48,314.37,315.48,44444600
2019-11-29,314.86,315.13,314.06,314.31,36592700
2019-12-02,314.59,314.66,311.17,311.64,75767800
2019-12-03,308.65,309.64,307.13,309.55,73941700
2019-12-04,310.7,312.12,310.32,311.46,49080000
2019-12-05,312.23,312.25,310.58,312.02,40709000
2019-12-06,314.12,315.31,314.11,314.87,48927000
2019-12-09,314.44,315.18,313.8,313.88,34838500
2019-12-10,313.82,314.55,312.81,313.53,52649800
2019-12-11,314.03,314.7,313.44,314.42,53429100
2019-12-12,314.43,317.99,314.17,317.13,96389600
2019-12-13,316.87,318.67,316.02,317.32,81503900
2019-12-16,319.22,320.15,317.25,319.5,82749700
2019-12-17,319.92,320.25,319.48,319.57,61097700
2019-12-18,320.0,320.25,319.53,319.59,48133000
2019-12-19,319.8,320.98,319.52,320.9,85310500
2019-12-20,320.46,321.97,319.39,320.73,147142100
2019-12-23,321.59,321.65,321.06,321.22,52990000
2019-12-24,321.47,321.52,320.9,321.23,20270000
2019-12-26,321.65,322.95,321.64,322.94,30911200
2019-12-27,323.74,323.8,322.28,322.86,42528800
2019-12-30,322.95,323.1,320.55,321.08,49729100
2019-12-31,320.53,322.13,320.15,321.86,57077300
2020-01-02,323.54,324.89,322.53,324.87,59151200
2020-01-03,321.16,323.64,321.1,322.41,77709700
2020-01-06,320.49,323.73,320.36,323.64,55653900
2020-01-07,323.02,323.54,322.24,322.73,40496400
2020-01-08,322.94,325.78,322.67,324.45,68296000
2020-01-09,326.16,326.73,325.52,326.65,48473300
2020-01-10,327.29,327.46,325.2,325.71,53029300
2020-01-13,326.39,327.96,325.92,327.95,47086800
2020-01-14,327.47,328.62,326.84,327.45,62832800
2020-01-15,327.35,329.02,327.26,328.19,72056600
2020-01-16,329.7,330.92,329.45,330.92,54050300
2020-01-17,331.7,332.18,330.85,331.95,95846000
2020-01-21,330.9,332.18,330.82,331.3,77742400
2020-01-22,332.24,332.95,331.17,331.34,48914900
2020-01-23,330.63,332.17,329.41,331.72,51963000
2020-01-24,332.44,332.53,327.36,328.77,87578400
2020-01-27,323.03,325.12,322.66,323.5,84062500
2020-01-28,325.06,327.85,323.6,326.89,63834000
2020-01-29,328.38,328.63,326.4,326.62,53888900
2020-01-30,324.36,327.91,323.54,327.68,75491800
2020-01-31,327.0,327.17,320.73,321.73,113845600
2020-02-03,323.35,326.16,323.22,324.12,69083000
2020-02-04,328.07,330.01,327.72,329.06,62573200
2020-02-05,332.27,333.09,330.67,332.86,65951100
2020-02-06,333.91,334.19,332.8,333.98,50359700
2020-02-07,332.82,333.99,331.6,332.2,64139400
2020-02-10,331.23,334.75,331.19,334.68,42070000
2020-02-11,336.16,337.02,334.68,335.26,54864500
2020-02-12,336.83,337.65,336.43,337.42,43992700
2020-02-13,335.86,338.12,335.56,337.06,54501900
2020-02-14,337.51,337.73,336.2,337.6,64582200
2020-02-18,336.51,337.67,335.21,336.73,57226200
2020-02-19,337.79,339.08,337.48,338.34,48814700
2020-02-20,337.74,338.64,333.68,336.95,74163400
2020-02-21,335.47,335.81,332.58,333.48,113788200
2020-02-24,323.14,333.56,321.24,322.42,161088400
2020-02-25,323.94,324.61,311.69,312.65,218913200
2020-02-26,314.18,318.11,310.7,311.5,194773800
2020-02-27,305.46,311.56,297.51,297.51,284353500
2020-02-28,288.7,297.89,285.54,296.26,384975800
2020-03-02,298.21,309.16,294.46,309.09,238703600
2020-03-03,309.5,313.84,297.57,300.24,300139100
2020-03-04,306.12,313.1,303.33,312.86,176613400
2020-03-05,304.98,308.47,300.01,302.46,186366800
2020-03-06,293.15,298.78,290.23,297.46,228667200
2020-03-09,275.3,284.19,273.45,274.23,309417300
2020-03-10,284.64,288.52,273.5,288.42,276444100
2020-03-11,280.7,281.94,270.88,274.36,255316300
2020-03-12,256.0,266.66,247.68,248.11,392220700
2020-03-13,263.09,271.48,248.52,269.32,329566100
2020-03-16,241.18,256.9,237.36,239.85,297240000
2020-03-17,245.04,256.17,237.07,252.8,262070500
2020-03-18,236.25,248.37,228.02,240.0,327597100
2020-03-19,239.25,247.38,232.22,240.51,289322000
2020-03-20,242.53,244.47,228.5,228.8,347158800
2020-03-23,228.19,229.68,218.26,222.95,326025200
2020-03-24,234.42,244.1,233.8,243.15,235494500
2020-03-25,244.87,256.35,239.75,246.79,299430300
2020-03-26,249.52,262.8,249.05,261.2,257632800
2020-03-27,253.27,260.81,251.05,253.42,224341200
2020-03-30,255.7,262.43,253.53,261.65,171369500
2020-03-31,260.56,263.33,256.22,257.75,194881100
2020-04-01,247.98,257.66,243.9,246.15,189554600
2020-04-02,245.19,252.68,244.59,251.83,177660400
2020-04-03,250.76,253.32,245.22,248.19,135561200
2020-04-06,257.84,267.0,248.17,264.86,188061200
2020-04-07,274.21,275.03,264.89,265.13,201427200
2020-04-08,267.96,276.0,265.25,274.03,153774500
2020-04-09,277.58,281.2,275.47,278.2,189999200
2020-04-13,277.14,277.51,271.41,275.66,114839100
2020-04-14,280.98,284.9,275.51,283.79,134143400
2020-04-15,277.57,283.94,275.46,277.76,121775000
2020-04-16,279.15,280.03,275.76,279.1,131798300
2020-04-17,285.38,287.3,282.4,286.64,146684800
2020-04-20,282.61,286.79,281.35,281.59,100109300
2020-04-21,276.73,278.04,272.02,273.04,126385700
2020-04-22,278.35,281.0,276.91,279.1,92951600
2020-04-23,280.49,283.94,278.75,279.08,104709700
2020-04-24,280.73,283.7,278.5,282.97,85063200
2020-04-27,285.12,288.27,284.62,287.05,77896600
2020-04-28,291.02,291.4,285.4,285.73,105270000
2020-04-29,291.53,294.88,290.41,293.21,118745600
2020-04-30,291.71,293.32,288.59,290.48,122901700
2020-05-01,285.31,290.66,281.52,282.79,125180000
2020-05-04,280.74,283.9,279.13,283.57,80873200
2020-05-05,286.64,289.25,283.71,286.19,79569900
2020-05-06,288.04,288.46,283.78,284.25,73632600
2020-05-07,287.75,289.78,287.13,287.68,75250400
2020-05-08,291.09,292.95,289.86,292.44,76452400
2020-05-11,290.34,294.0,289.88,292.5,79514200
2020-05-12,293.79,294.24,286.52,286.67,95870800
2020-05-13,286.06,287.19,278.96,281.6,144721100
2020-05-14,278.95,285.11,272.99,284.97,121977900
2020-05-15,282.37,286.33,281.34,286.28,111146300
2020-05-18,293.05,296.75,292.7,295.0,119703800
2020-05-19,294.35,296.21,291.95,291.97,95189300
2020-05-20,295.82,297.87,295.57,296.93,85861700
2020-05-21,296.79,297.67,293.69,294.88,78293900
2020-05-22,294.57,295.63,293.22,295.44,63958200
2020-05-26,301.93,302.19,295.46,299.08,88951400
2020-05-27,302.12,303.57,296.87,303.53,104817400
2020-05-28,304.65,306.84,302.24,302.97,90405200
2020-05-29,302.46,304.96,299.47,304.32,119090800
2020-06-01,303.62,306.21,303.06,305.55,55758300
2020-06-02,306.55,308.13,305.1,308.08,74267200
2020-06-03,310.24,313.22,309.94,312.18,92567600
2020-06-04,311.11,313.0,309.08,311.36,75794400
2020-06-05,317.23,321.27,317.16,319.34,150524700
2020-06-08,320.22,323.41,319.63,323.2,73641200
2020-06-09,320.3,323.28,319.36,320.79,77479200
2020-06-10,321.42,322.39,318.22,319.0,95000800
2020-06-11,311.46,312.15,300.01,300.61,209243600
2020-06-12,308.24,309.08,298.6,304.21,194678900
2020-06-15,298.02,308.28,296.74,307.05,135782700
2020-06-16,315.48,315.64,307.67,312.96,137627500
2020-06-17,314.07,314.39,310.86,311.66,83398900
2020-06-18,310.01,312.3,309.51,311.78,80828700
2020-06-19,314.17,314.38,306.53,308.64,135549600
2020-06-22,307.99,311.05,306.75,310.62,74649400
2020-06-23,313.49,314.5,311.61,312.05,68471200
2020-06-24,309.84,310.51,302.1,304.09,132813500
2020-06-25,303.47,307.64,301.28,307.35,89468000
2020-06-26,306.16,306.39,299.42,300.05,127961000
2020-06-29,301.41,304.61,298.93,304.46,79773300
2020-06-30,303.99,310.2,303.82,308.36,113394800
2020-07-01,309.57,311.89,309.07,310.52,72396500
2020-07-02,314.24,315.7,311.51,312.23,69344200
2020-07-06,316.37,317.68,315.56,317.05,61713800
2020-07-07,315.38,317.52,313.37,313.78,82910000
2020-07-08,314.61,316.3,312.7,316.18,54638600
2020-07-09,316.84,317.1,310.68,314.38,83354200
2020-07-10,314.31,317.88,312.76,317.59,57550400
2020-07-13,320.13,322.71,314.13,314.84,102997500
2020-07-14,313.3,319.76,312.0,318.92,93657000
2020-07-15,322.41,323.04,319.27,321.85,87196500
2020-07-16,319.79,321.28,319.09,320.79,54622500
2020-07-17,321.88,322.57,319.74,321.72,62774900
2020-07-20,321.43,325.13,320.62,324.32,56308800
2020-07-21,326.45,326.93,323.94,325.01,57292200
2020-07-22,324.62,327.2,324.5,326.86,57792900
2020-07-23,326.47,327.23,321.48,322.96,75738000
2020-07-24,320.95,321.99,319.25,320.88,73766600
2020-07-27,321.63,323.41,320.77,323.22,48293000
2020-07-28,322.43,323.64,320.85,321.17,57495000
2020-07-29,322.12,325.73,322.08,325.12,48454200
2020-07-30,321.9,324.41,319.64,323.96,61861700
2020-07-31,325.9,326.63,321.33,326.52,84986800
2020-08-03,328.32,329.62,327.73,328.79,53077900
2020-08-04,327.86,330.06,327.86,330.06,41917900
2020-08-05,331.47,332.39,331.18,332.11,42697700
2020-08-06,331.48,334.46,331.13,334.33,43679400
2020-08-07,333.28,334.88,332.3,334.57,57308300
2020-08-10,335.06,335.77,332.96,335.57,44282100
2020-08-11,336.85,337.54,332.01,332.8,69601100
2020-08-12,335.44,338.28,335.41,337.44,53774400
2020-08-13,336.61,338.25,335.83,336.83,41816100
2020-08-14,336.41,337.42,335.62,336.84,47260400
2020-08-17,337.94,338.34,336.85,337.91,35481000
2020-08-18,338.34,339.1,336.61,338.64,38733900
2020-08-19,339.05,339.61,336.62,337.23,68054200
2020-08-20,335.36,338.8,335.22,338.28,42207800
2020-08-21,337.92,339.72,337.55,339.48,55106600
2020-08-24,342.12,343.0,339.45,342.92,48588700
2020-08-25,343.53,344.21,342.27,344.12,38463400
2020-08-26,344.76,347.86,344.17,347.57,50790200
2020-08-27,348.51,349.9,346.53,348.33,58034100
2020-08-28,349.44,350.72,348.15,350.58,48588900
2020-08-31,350.35,351.3,349.06,349.31,66099200
2020-09-01,350.21,352.71,349.24,352.6,54908700
2020-09-02,354.67,358.75,353.43,357.7,69540000
2020-09-03,355.87,356.38,342.59,345.39,148011100
2020-09-04,346.13,347.83,334.87,342.57,139156300
2020-09-08,336.71,342.64,332.88,333.21,114465300
2020-09-09,337.55,342.46,336.61,339.79,91462300
2020-09-10,341.82,342.53,332.85,333.89,90569500
2020-09-11,335.82,336.97,331.0,334.06,84680200
2020-09-14,337.49,340.38,334.22,338.46,65605700
2020-09-15,341.12,342.02,338.47,340.17,52920900
2020-09-16,341.51,343.06,338.52,338.82,82096000
2020-09-17,333.56,337.7,332.99,335.84,91523300
2020-09-18,335.37,335.49,327.97,330.65,105877900
2020-09-21,325.7,327.13,321.73,326.97,99450800
2020-09-22,328.57,330.9,325.86,330.3,63612100
2020-09-23,330.9,331.2,322.1,322.64,93112200
2020-09-24,321.22,326.8,319.8,323.5,76681300
2020-09-25,322.58,329.58,321.64,328.73,71069400
2020-09-28,333.22,334.96,332.15,334.19,64584600
2020-09-29,333.97,334.77,331.62,332.37,51304000
2020-09-30,333.09,338.29,332.88,334.89,104081100
2020-10-01,337.69,338.74,335.01,337.04,88698700
2020-10-02,331.7,337.01,331.19,333.84,89431100
2020-10-05,336.06,339.96,336.01,339.76,45713100
2020-10-06,339.91,342.17,334.38,334.93,90128900
2020-10-07,338.12,341.63,338.09,340.76,56999600
2020-10-08,342.85,343.85,341.86,343.78,45242500
2020-10-09,345.56,347.35,344.89,346.85,59528600
2020-10-12,349.59,354.02,349.06,352.43,80388500
2020-10-13,352.28,352.47,349.09,350.13,73255500
2020-10-14,350.75,351.93,347.14,347.93,57727900
2020-10-15,343.71,348.02,343.13,347.5,60357700
2020-10-16,348.96,350.75,347.1,347.29,89501900
2020-10-19,348.65,349.33,341.04,342.01,68425600
2020-10-20,343.46,346.88,342.64,343.38,60051900
2020-10-21,343.33,345.67,342.4,342.73,63575000
2020-10-22,342.96,345.24,340.65,344.61,55399300
2020-10-23,345.93,345.99,343.13,345.78,49143900
2020-10-26,342.13,342.98,335.62,339.39,91473000
2020-10-27,339.76,340.12,337.99,338.22,65994100
2020-10-28,332.1,338.25,326.13,326.66,127094300
2020-10-29,326.91,333.4,325.09,329.98,90597700
2020-10-30,328.28,329.69,322.6,326.54,120287300
2020-11-02,330.2,332.36,327.24,330.2,86068300
2020-11-03,333.69,338.25,330.29,336.03,93294200
2020-11-04,340.86,347.94,339.59,343.54,126959700
2020-11-05,349.24,352.19,348.86,350.24,82039700
2020-11-06,349.93,351.51,347.65,350.16,74973000
2020-11-09,363.97,364.38,354.06,354.56,172304200
2020-11-10,353.49,355.18,350.51,354.04,85552000
2020-11-11,356.4,357.56,355.06,356.67,58649000
2020-11-12,355.58,356.72,351.26,353.21,67546200
2020-11-13,355.27,358.9,354.71,358.1,62892200
2020-11-16,360.98,362.78,359.59,362.57,74541100
2020-11-17,359.97,361.92,358.34,360.62,66111000
2020-11-18,360.91,361.5,356.24,356.28,70591300
2020-11-19,355.6,358.18,354.15,357.78,59940900
2020-11-20,357.5,357.72,355.25,355.33,70417300
2020-11-23,357.28,358.82,354.87,357.46,63230600
2020-11-24,360.21,363.81,359.29,363.22,62415900
2020-11-25,363.13,363.16,361.48,362.66,45330900
2020-11-27,363.84,364.18,362.58,363.67,28514100
2020-11-30,362.83,363.12,359.17,362.06,83872700
2020-12-01,365.57,367.68,364.93,366.02,74231400
2020-12-02,364.82,366.96,364.2,366.79,45927000
2020-12-03,366.68,368.19,365.5,366.69,62882000
2020-12-04,367.32,369.85,367.22,369.85,50749900
2020-12-07,369.02,369.62,367.72,369.09,48944300
2020-12-08,367.72,370.78,367.67,370.17,42458900
2020-12-09,370.88,371.05,365.95,366.85,74098300
2020-12-10,365.37,367.86,364.43,366.73,57735400
2020-12-11,364.9,366.74,363.26,366.3,57698600
2020-12-14,368.64,369.8,364.47,364.66,69216200
2020-12-15,367.4,369.59,365.92,369.59,63865300
2020-12-16,369.82,371.16,368.87,370.17,58420500
2020-12-17,371.94,372.46,371.05,372.24,64119500
2020-12-18,370.97,371.15,367.02,369.18,136542300
2020-12-21,364.97,378.46,362.03,367.86,96386700
2020-12-22,368.21,368.33,366.03,367.24,47949000
2020-12-23,368.28,369.62,367.22,367.57,46201400
2020-12-24,368.08,369.03,367.45,369.0,26457900
2020-12-28,371.74,372.59,371.07,372.17,39000400
2020-12-29,373.81,374.0,370.83,371.46,53680500
2020-12-30,372.34,373.1,371.57,371.99,49455300
2020-12-31,371.78,374.66,371.23,373.88,78520700
2021-01-04,375.31,375.45,364.82,368.79,110210800
2021-01-05,368.1,372.5,368.05,371.33,66426200
2021-01-06,369.71,376.98,369.12,373.55,107997700
2021-01-07,376.1,379.9,375.91,379.1,68766800
2021-01-08,380.59,381.49,377.1,381.26,71677200
2021-01-11,377.85,380.58,377.72,378.69,51034700
2021-01-12,378.89,379.86,376.36,378.77,52547700
2021-01-13,378.69,380.86,377.85,379.79,45303600
2021-01-14,380.59,381.13,378.1,378.46,49989100
2021-01-15,376.72,377.58,373.7,375.7,107160000
2021-01-19,378.34,379.23,376.75,378.65,51233300
2021-01-20,381.11,384.79,380.69,383.89,61836100
2021-01-21,384.49,384.95,383.25,384.24,47840100
2021-01-22,382.25,384.13,381.84,382.88,52860500
2021-01-25,383.67,384.77,378.46,384.39,70402000
2021-01-26,385.41,385.85,383.54,383.79,42665300
2021-01-27,380.22,380.32,372.01,374.41,123351100
2021-01-28,376.36,381.93,375.89,377.63,94198100
2021-01-29,375.63,376.67,368.27,370.07,126765100
2021-02-01,373.72,377.34,370.38,376.23,75817600
2021-02-02,379.65,383.22,376.32,381.55,64450700
2021-02-03,382.44,383.7,380.48,381.85,52427100
2021-02-04,382.96,386.24,381.97,386.19,47142600
2021-02-05,388.2,388.47,386.14,387.71,48669800
2021-02-08,389.27,390.56,388.35,390.51,38365200
2021-02-09,389.61,390.89,389.17,390.25,35551100
2021-02-10,392.12,392.28,387.5,390.08,59154400
2021-02-11,391.24,391.69,388.1,390.71,42913300
2021-02-12,389.85,392.9,389.77,392.64,50593300
2021-02-16,393.96,394.17,391.53,392.3,50972400
2021-02-17,390.42,392.66,389.33,392.39,52290600
2021-02-18,389.59,391.52,387.74,390.72,59712800
2021-02-19,392.07,392.38,389.55,390.03,83241000
2021-02-22,387.06,389.62,386.74,387.03,67414200
2021-02-23,384.66,388.95,380.2,387.5,107284100
2021-02-24,386.33,392.23,385.27,391.77,72433900
2021-02-25,390.41,391.88,380.78,382.33,146670500
2021-02-26,384.35,385.58,378.23,380.36,152701600
2021-03-01,385.59,390.92,380.57,389.58,105348800
2021-03-02,389.82,390.07,386.0,386.54,79595300
2021-03-03,385.79,386.83,381.31,381.42,119940200
2021-03-04,381.22,384.0,371.88,376.7,183433000
2021-03-05,380.46,384.76,372.64,383.63,152039600
2021-03-08,384.66,387.68,381.42,381.72,123149200
2021-03-09,385.85,389.91,385.31,387.17,113633600
2021-03-10,389.69,391.4,388.17,389.58,109899400
2021-03-11,392.23,395.65,391.74,393.53,86245000
2021-03-12,392.07,394.21,391.2,394.06,64653600
2021-03-15,394.33,396.69,392.03,396.41,73427200
2021-03-16,397.07,397.83,395.08,395.91,73722500
2021-03-17,394.53,398.12,393.3,397.26,97959300
2021-03-18,394.48,396.72,390.75,391.48,115349100
2021-03-19,389.88,391.57,387.15,389.48,113624500
2021-03-22,390.03,394.07,389.97,392.59,73778600
2021-03-23,391.91,393.46,388.66,389.5,90686600
2021-03-24,391.0,392.75,387.47,387.52,97588600
2021-03-25,385.98,390.55,383.9,389.7,116128600
2021-03-26,390.93,396.41,390.29,395.98,114409100
2021-03-29,394.4,396.75,392.81,395.78,108107600
2021-03-30,394.42,395.45,393.02,394.73,76262200
2021-03-31,395.34,398.0,395.31,396.33,112734200
2021-04-01,398.4,400.67,398.18,400.61,99682900
2021-04-05,403.46,406.94,403.38,406.36,91684800
2021-04-06,405.76,407.24,405.4,406.12,62021000
2021-04-07,405.94,406.96,405.45,406.59,55836300
2021-04-08,407.93,408.58,406.93,408.52,57863100
2021-04-09,408.39,411.67,408.26,411.49,61104600
2021-04-12,410.85,411.93,410.2,411.64,56704900
2021-04-13,411.53,413.53,411.12,412.86,56551000
2021-04-14,412.83,413.96,410.87,411.45,61659900
2021-04-15,413.74,416.16,413.69,415.87,60229800
2021-04-16,417.25,417.91,415.73,417.26,82037300
2021-04-19,416.26,416.74,413.79,415.21,78498500
2021-04-20,413.91,415.09,410.59,412.17,81851800
2021-04-21,411.51,416.29,411.36,416.07,66793000
2021-04-22,415.89,416.78,411.13,412.27,97582800
2021-04-23,412.87,418.25,412.79,416.74,73209200
2021-04-26,417.44,418.22,416.81,417.61,52182400
2021-04-27,417.93,418.14,416.3,417.52,51303100
2021-04-28,417.81,419.01,416.9,417.4,51238900
2021-04-29,420.32,420.72,416.44,420.06,78544300
2021-04-30,417.63,418.54,416.34,417.3,85527000
2021-05-03,419.43,419.84,417.67,418.2,68128300
2021-05-04,416.07,416.6,411.67,415.62,101591200
2021-05-05,417.38,417.63,415.15,415.75,60162200
2021-05-06,415.83,419.21,413.68,419.07,74321400
2021-05-07,419.89,422.82,419.16,422.12,67733800
2021-05-10,422.5,422.74,417.81,417.94,81852400
2021-05-11,413.1,415.27,410.06,414.21,116888000
2021-05-12,411.23,412.59,404.0,405.41,134811000
2021-05-13,407.07,412.35,407.02,410.28,106394000
2021-05-14,413.21,417.49,413.18,416.58,82201600
2021-05-17,415.39,416.39,413.36,415.52,65129200
2021-05-18,415.8,416.06,411.77,411.94,59810200
2021-05-19,406.92,411.05,405.33,410.86,106467100
2021-05-20,411.8,416.63,411.67,415.28,78022200
2021-05-21,416.87,418.2,414.45,414.94,76578700
2021-05-24,417.34,420.32,417.08,419.17,51376700
2021-05-25,420.33,420.71,417.62,418.24,57451400
2021-05-26,418.87,419.61,417.76,419.07,43088600
2021-05-27,420.17,420.72,418.99,419.29,56707700
2021-05-28,420.97,421.25,419.79,420.04,58520200
2021-06-01,422.57,422.72,419.2,419.67,54216600
2021-06-02,420.37,421.23,419.29,420.33,49097100
2021-06-03,417.85,419.99,416.28,418.77,58138800
2021-06-04,420.75,422.92,418.84,422.6,55938800
2021-06-07,422.59,422.78,421.19,422.19,51555000
2021-06-08,423.11,423.21,420.32,422.28,47134300
2021-06-09,423.18,423.26,421.41,421.65,48436300
2021-06-10,422.96,424.63,421.55,423.61,51020100
2021-06-11,424.2,424.43,422.82,424.31,45570800
2021-06-14,424.43,425.37,423.1,425.26,42358500
2021-06-15,425.42,425.46,423.54,424.48,51508500
2021-06-16,424.63,424.87,419.92,422.11,80386100
2021-06-17,421.67,423.02,419.32,421.97,90949700
2021-06-18,417.09,417.83,414.7,414.92,118676300
2021-06-21,416.8,421.06,415.93,420.86,72822000
2021-06-22,420.85,424.0,420.08,423.11,57700300
2021-06-23,423.19,424.05,422.51,422.6,49445400
2021-06-24,424.89,425.55,424.62,425.1,45110300
2021-06-25,425.9,427.09,425.55,426.61,58129500
2021-06-28,427.17,427.65,425.89,427.47,53159600
2021-06-29,427.88,428.56,427.13,427.7,35970500
2021-06-30,427.21,428.78,427.18,428.06,64827900
2021-07-01,428.87,430.6,428.8,430.43,53441000
2021-07-02,431.67,434.1,430.52,433.72,57697700
2021-07-06,433.78,434.01,430.01,432.93,68710400
2021-07-07,433.66,434.76,431.51,434.46,63549500
2021-07-08,428.78,431.73,427.52,430.92,97595200
2021-07-09,432.53,435.84,430.71,435.52,76238600
2021-07-12,435.43,437.35,434.97,437.08,52889600
2021-07-13,436.24,437.84,435.31,435.59,52911300
2021-07-14,437.4,437.92,434.91,436.24,64130400
2021-07-15,434.81,435.53,432.72,434.75,55126400
2021-07-16,436.01,436.06,430.92,431.34,75874700
2021-07-19,426.19,431.41,421.97,424.97,147987000
2021-07-20,425.68,432.42,424.83,431.06,99608200
2021-07-21,432.34,434.7,431.01,434.55,64724400
2021-07-22,434.74,435.72,433.69,435.46,47878500
2021-07-23,437.52,440.3,436.79,439.94,63766600
2021-07-26,439.31,441.03,439.26,441.02,43719200
2021-07-27,439.91,439.94,435.99,439.01,67397100
2021-07-28,439.68,440.3,437.31,438.83,52472400
2021-07-29,439.82,441.8,439.81,440.65,47435300
2021-07-30,437.91,440.06,437.77,438.51,68951200
2021-08-02,440.34,440.93,437.21,437.59,58783300
2021-08-03,438.44,441.28,436.1,441.15,58053900
2021-08-04,439.78,441.12,438.73,438.98,46732200
2021-08-05,440.22,441.85,439.88,441.76,38969700
2021-08-06,442.1,442.94,441.8,442.49,46930000
2021-08-09,442.46,442.8,441.31,442.13,41222600
2021-08-10,442.61,443.44,441.88,442.68,43339300
2021-08-11,443.82,443.88,442.62,443.78,44034300
2021-08-12,443.62,445.26,442.66,445.11,38909400
2021-08-13,445.59,445.94,445.07,445.92,39470300
2021-08-16,444.53,447.11,442.87,446.97,73740000
2021-08-17,444.24,444.96,440.85,444.04,92673900
2021-08-18,442.96,444.63,438.92,439.18,89351900
2021-08-19,436.27,441.14,436.12,439.86,92812200
2021-08-20,440.23,443.71,439.71,443.36,72008700
2021-08-23,445.16,448.23,443.44,447.26,54973000
2021-08-24,447.97,448.54,447.42,447.97,38744700
2021-08-25,448.17,449.46,447.77,448.91,40529700
2021-08-26,448.61,448.86,446.16,446.26,57829600
2021-08-27,447.12,450.65,447.06,450.25,77235100
2021-08-30,450.97,453.07,450.71,452.23,48357400
2021-08-31,452.13,452.49,450.92,451.56,59300200
2021-09-01,452.56,453.11,451.55,451.8,48721400
2021-09-02,453.32,454.05,451.91,453.19,42501000
2021-09-03,451.98,453.63,451.55,453.08,47170500
2021-09-07,452.71,452.81,450.74,451.46,51671500
2021-09-08,450.89,451.67,448.86,450.91,56181900
2021-09-09,450.7,452.57,448.72,448.98,57970400
2021-09-10,451.04,451.49,445.31,445.44,89948200
2021-09-13,448.64,448.92,444.11,446.58,83738600
2021-09-14,448.12,448.34,443.22,444.17,78197100
2021-09-15,444.62,448.41,443.44,447.88,78792200
2021-09-16,447.32,448.36,444.02,447.17,77786700
2021-09-17,444.92,445.37,441.02,441.4,118425000
2021-09-20,434.88,436.56,428.86,434.04,166445500
2021-09-21,436.53,437.91,433.07,433.63,92526100
2021-09-22,436.05,440.03,433.75,437.86,102350100
2021-09-23,439.85,444.89,439.6,443.18,76396000
2021-09-24,441.44,444.67,441.21,443.91,62094800
2021-09-27,442.81,444.05,441.9,442.64,61371100
2021-09-28,439.69,440.04,432.94,433.72,130436300
2021-09-29,435.19,437.04,433.85,434.45,82329200
2021-09-30,436.02,436.77,428.78,429.14,140506000
2021-10-01,430.98,436.03,427.23,434.24,129240100
2021-10-04,433.0,433.96,426.36,428.64,128570000
2021-10-05,430.24,435.49,429.39,433.1,90682500
2021-10-06,429.27,435.12,427.54,434.9,113032200
2021-10-07,438.39,441.68,438.2,438.66,72437500
2021-10-08,439.48,439.89,437.19,437.86,74557400
2021-10-11,437.16,440.26,434.62,434.69,65233300
2021-10-12,435.67,436.1,432.78,433.62,71181200
2021-10-13,434.71,436.05,431.54,435.18,72974000
2021-10-14,439.08,442.66,438.58,442.5,70236800
2021-10-15,444.75,446.26,444.09,445.87,66260200
2021-10-18,443.97,447.55,443.27,447.19,62213200
2021-10-19,448.92,450.71,448.27,450.64,46996800
2021-10-20,451.13,452.73,451.01,452.41,49571600
2021-10-21,451.77,453.83,451.31,453.59,41305400
2021-10-22,453.13,454.67,451.05,453.12,58845100
2021-10-25,454.28,455.9,452.39,455.55,45214500
2021-10-26,457.2,458.49,455.56,455.96,56075100
2021-10-27,456.45,457.16,453.86,453.94,72438000
2021-10-28,455.46,458.4,455.45,458.32,51437900
2021-10-29,455.87,459.56,455.56,459.25,70162400
2021-11-01,460.3,460.7,458.2,460.04,48433600
2021-11-02,460.22,462.23,460.08,461.9,48908400
2021-11-03,461.3,465.15,460.83,464.72,52509800
2021-11-04,465.36,467.0,464.99,466.91,52847100
2021-11-05,469.28,470.65,466.92,468.53,66390600
2021-11-08,469.7,470.23,468.2,468.93,50405200
2021-11-09,469.32,469.57,465.88,467.38,51149100
2021-11-10,465.58,467.38,462.04,463.62,69429700
2021-11-11,465.21,465.29,463.75,463.77,34848500
2021-11-12,465.12,467.86,464.11,467.27,53466700
2021-11-15,468.64,468.81,466.23,467.43,46980500
2021-11-16,467.15,470.49,467.07,469.28,48857500
2021-11-17,469.0,469.19,467.48,468.14,47858300
2021-11-18,469.24,470.01,466.34,469.73,50625600
2021-11-19,469.61,470.94,468.5,468.89,57315600
2021-11-22,470.89,473.54,467.35,467.57,72762000
2021-11-23,467.22,469.1,464.45,468.19,73206500
2021-11-24,466.06,469.57,465.19,469.44,61858800
2021-11-26,462.34,463.9,457.77,458.97,112669600
2021-11-29,464.07,466.56,461.73,464.6,86268800
2021-11-30,462.0,464.03,455.3,455.56,148559600
2021-12-01,461.64,464.67,450.29,450.5,131939200
2021-12-02,450.73,459.07,450.31,457.4,127637800
2021-12-03,459.17,460.3,448.92,453.42,137331600
2021-12-06,456.13,460.79,453.56,458.79,98977500
2021-12-07,464.41,468.88,458.65,468.28,95484700
2021-12-08,468.7,470.0,466.83,469.52,72238800
2021-12-09,468.15,469.63,466.14,466.35,61272600
2021-12-10,469.23,470.9,466.51,470.74,77159800
2021-12-13,470.19,470.56,466.27,466.57,87724700
2021-12-14,463.09,465.74,460.25,463.36,97264100
2021-12-15,463.42,470.86,460.74,470.6,116899300
2021-12-16,472.57,472.87,464.8,466.45,116568600
2021-12-17,461.55,464.74,458.06,459.87,135511600
2021-12-20,454.48,455.4,451.14,454.98,107134800
2021-12-21,458.61,463.21,456.31,463.06,69806300
2021-12-22,462.79,467.81,462.58,467.69,58890200
2021-12-23,468.75,472.19,468.64,470.6,56439700
2021-12-27,472.06,477.31,472.01,477.26,56808600
2021-12-28,477.72,478.81,476.06,476.87,47274600
2021-12-29,476.98,478.56,475.92,477.48,54503000
2021-12-30,477.93,479.0,475.67,476.16,55329000
2021-12-31,475.64,476.86,474.67,474.96,65237400
2022-01-03,476.3,477.85,473.85,477.71,72668200
2022-01-04,479.22,479.98,475.58,477.55,71178700
2022-01-05,477.16,477.98,468.28,468.38,104538900
2022-01-06,467.89,470.82,465.43,467.94,86858900
2022-01-07,467.95,469.2,464.65,466.09,85111600
2022-01-10,462.7,465.74,456.6,465.51,119362000
2022-01-11,465.23,469.85,462.05,469.75,74303100
2022-01-12,471.59,473.2,468.94,471.02,67605400
2022-01-13,472.19,472.88,463.44,464.53,91173100
2022-01-14,461.19,465.09,459.9,464.72,95890900
2022-01-18,459.74,459.96,455.31,456.49,109709100
2022-01-19,458.13,459.61,451.46,451.75,109357600
2022-01-20,453.75,458.74,444.5,446.75,122379700
2022-01-21,445.56,448.06,437.95,437.98,202271200
2022-01-24,432.03,440.38,420.76,439.84,251783900
2022-01-25,433.06,439.72,427.15,434.47,167997300
2022-01-26,440.72,444.04,428.86,433.38,186391100
2022-01-27,438.26,441.59,429.45,431.24,149878300
2022-01-28,432.68,442.0,427.82,441.95,164457400
2022-01-31,441.24,450.28,439.81,449.91,152251400
2022-02-01,450.68,453.63,446.94,452.95,123155400
2022-02-02,455.5,458.12,453.05,457.35,117361000
2022-02-03,450.95,452.97,445.71,446.6,118024400
2022-02-04,446.35,452.78,443.83,448.7,118454400
2022-02-07,449.51,450.99,445.85,447.26,84472900
2022-02-08,446.73,451.92,445.22,450.94,81012000
2022-02-09,455.22,457.88,455.01,457.54,92589900
2022-02-10,451.34,457.71,447.2,449.32,140103700
2022-02-11,449.41,451.61,438.94,440.46,153214600
2022-02-14,439.92,441.6,435.34,439.02,123006300
2022-02-15,443.73,446.28,443.18,446.1,88482700
2022-02-16,443.93,448.06,441.94,446.6,84863600
2022-02-17,443.22,446.57,436.42,437.06,102259100
2022-02-18,437.33,438.66,431.82,434.23,132642900
2022-02-22,431.89,435.5,425.86,429.57,124391800
2022-02-23,432.66,433.26,421.35,421.95,132578000
2022-02-24,411.02,428.76,410.64,428.3,213942900
2022-02-25,429.61,437.84,427.86,437.75,121804500
2022-02-28,432.03,438.2,430.7,436.63,145615000
2022-03-01,435.04,437.17,427.11,429.98,137785900
2022-03-02,432.37,439.72,431.57,437.89,117726500
2022-03-03,440.47,441.11,433.8,435.71,105501700
2022-03-04,431.75,433.37,427.88,432.17,113978200
2022-03-07,431.55,432.3,419.36,419.43,137896600
2022-03-08,419.62,427.21,415.12,416.25,164772700
2022-03-09,425.14,429.51,422.82,427.41,116990800
2022-03-10,422.52,426.43,420.44,425.48,93972700
2022-03-11,428.12,428.77,419.53,420.07,95636300
2022-03-14,420.89,424.55,415.79,417.0,95729200
2022-03-15,419.77,426.84,418.42,426.17,106219100
2022-03-16,429.89,435.68,424.8,435.62,144954800
2022-03-17,433.59,441.07,433.19,441.07,102676900
2022-03-18,438.0,444.86,437.22,444.52,106345500
2022-03-21,444.34,446.46,440.68,444.39,88349800
2022-03-22,445.86,450.58,445.86,449.59,74650400
2022-03-23,446.91,448.49,443.71,443.8,79426100
2022-03-24,445.94,450.5,444.76,450.49,64736900
2022-03-25,451.16,452.98,448.43,452.69,77101300
2022-03-28,452.06,455.91,450.06,455.91,68529800
2022-03-29,460.02,462.07,457.18,461.55,86581500
2022-03-30,460.34,461.2,456.47,458.7,79666900
2022-03-31,457.89,458.76,451.16,451.64,121699900
2022-04-01,453.31,453.46,449.14,452.92,89048800
2022-04-04,453.13,456.91,452.26,456.8,59601000
2022-04-05,455.22,457.83,449.82,451.03,74214500
2022-04-06,446.89,448.93,443.47,446.52,106898000
2022-04-07,445.59,450.69,443.53,448.77,78097200
2022-04-08,447.97,450.63,445.94,447.57,79272700
2022-04-11,444.11,445.0,439.39,439.92,89770500
2022-04-12,443.08,445.75,436.65,438.29,84363600
2022-04-13,438.03,444.11,437.84,443.31,74070400
2022-04-14,443.55,444.73,437.68,437.79,97869500
2022-04-18,436.81,439.75,435.61,437.97,66002500
2022-04-19,437.86,445.8,437.68,445.04,77821000
2022-04-20,446.92,447.57,443.48,444.71,65224400
2022-04-21,448.54,450.01,437.1,438.06,85417300
2022-04-22,436.91,438.08,425.44,426.04,132471800
2022-04-25,423.67,428.69,418.84,428.51,119647700
2022-04-26,425.83,426.04,416.07,416.1,103996300
2022-04-27,417.24,422.92,415.01,417.27,122030000
2022-04-28,422.29,429.64,417.6,427.81,105449100
2022-04-29,423.59,425.87,411.21,412.0,145491100
2022-05-02,412.07,415.92,405.02,414.48,158312500
2022-05-03,415.01,418.93,413.36,416.38,100028200
2022-05-04,417.08,429.66,413.71,429.06,144247900
2022-05-05,424.55,425.0,409.44,413.81,172929100
2022-05-06,411.1,414.8,405.73,411.34,151770800
2022-05-09,405.1,406.41,396.5,398.17,155586100
2022-05-10,404.49,406.08,394.82,399.09,132497200
2022-05-11,398.07,404.04,391.96,392.75,142361000
2022-05-12,389.37,395.8,385.15,392.34,125090800
2022-05-13,396.71,403.18,395.61,401.72,104174400
2022-05-16,399.98,403.97,397.6,400.09,78622400
2022-05-17,406.53,408.57,402.58,408.32,83029700
2022-05-18,403.5,403.8,390.55,391.86,117674500
2022-05-19,388.62,394.14,387.11,389.46,98510700
2022-05-20,393.25,397.03,380.54,389.63,131432200
2022-05-23,392.83,397.73,390.38,396.92,76414900
2022-05-24,392.56,395.15,386.96,393.89,91448800
2022-05-25,392.31,399.45,391.89,397.37,91472900
2022-05-26,398.67,407.04,398.45,405.31,82168300
2022-05-27,407.91,415.38,407.7,415.26,84768700
2022-05-31,413.55,416.46,410.03,412.93,95937000
2022-06-01,415.17,416.24,406.93,409.59,86585800
2022-06-02,409.42,417.44,407.04,417.39,79609600
2022-06-03,412.4,414.04,409.51,410.54,71874300
2022-06-06,414.78,416.61,410.55,411.79,57508900
2022-06-07,408.1,416.22,407.61,415.74,59272400
2022-06-08,413.93,415.82,410.38,411.22,64350000
2022-06-09,409.34,411.74,401.44,401.44,86289800
2022-06-10,394.88,395.78,389.75,389.8,132893900
2022-06-13,379.85,381.81,373.3,375.0,170004900
2022-06-14,376.85,377.94,370.59,373.87,104011800
2022-06-15,377.36,383.9,372.12,379.2,125666800
2022-06-16,370.51,370.94,364.08,366.65,134473300
2022-06-17,365.51,369.38,362.17,365.86,111113900
2022-06-21,371.89,376.53,371.81,375.07,76811900
2022-06-22,370.62,378.72,370.18,374.39,90059400
2022-06-23,376.64,378.83,372.89,378.06,79292100
2022-06-24,381.4,390.09,381.37,390.08,98050300
2022-06-27,391.05,391.36,387.44,388.59,66009600
2022-06-28,390.23,393.16,380.53,380.65,86548900
2022-06-29,381.23,382.27,378.42,380.34,65676000
2022-06-30,376.24,380.66,372.56,377.25,112508300
2022-07-01,376.56,381.7,373.8,381.24,74839700
2022-07-05,375.88,381.98,372.9,381.96,81438000
2022-07-06,382.11,385.87,379.6,383.25,70426200
2022-07-07,385.12,389.83,383.27,388.99,64525900
2022-07-08,387.27,390.64,385.66,388.67,72397800
2022-07-11,385.85,386.87,383.5,384.23,58366900
2022-07-12,383.65,386.16,378.99,380.83,62219200
2022-07-13,375.1,381.92,374.66,378.83,84224600
2022-07-14,373.61,379.05,371.04,377.91,89704800
2022-07-15,382.55,385.25,380.54,385.13,79060400
2022-07-18,388.38,389.09,380.66,381.95,63203600
2022-07-19,386.08,392.87,385.39,392.27,78506000
2022-07-20,392.47,396.26,391.03,394.77,71843800
2022-07-21,394.16,398.84,391.63,398.79,64903900
2022-07-22,398.92,400.18,392.75,395.09,72197300
2022-07-25,395.75,396.47,393.21,395.57,53631500
2022-07-26,393.84,394.06,389.95,390.89,52946400
2022-07-27,394.36,402.88,394.05,401.04,82342100
2022-07-28,401.89,406.8,398.15,406.07,73966600
2022-07-29,407.58,413.03,406.77,411.99,87003700
2022-08-01,409.15,413.41,408.4,410.77,69997500
2022-08-02,409.12,413.0,406.82,408.06,63435400
2022-08-03,410.3,415.68,410.0,414.45,67820600
2022-08-04,414.37,415.09,412.44,414.17,45656600
2022-08-05,409.66,414.15,409.6,413.47,56814900
2022-08-08,415.25,417.62,411.83,412.99,53886100
2022-08-09,412.22,412.75,410.22,411.35,44931800
2022-08-10,418.78,420.14,416.72,419.99,68665700
2022-08-11,422.99,424.95,419.21,419.99,59489700
2022-08-12,422.03,427.21,421.03,427.1,61694500
2022-08-15,424.77,429.41,424.71,428.86,54048300
2022-08-16,427.73,431.73,426.88,429.7,59289000
2022-08-17,425.91,429.5,424.54,426.65,63563400
2022-08-18,426.86,428.61,425.5,427.89,49023200
2022-08-19,424.98,425.26,421.22,422.14,68016900
2022-08-22,417.05,417.23,412.4,413.35,77695600
2022-08-23,412.9,415.42,411.77,412.35,49105200
2022-08-24,412.11,415.11,411.39,413.67,49177800
2022-08-25,415.24,419.56,414.09,419.51,50942300
2022-08-26,419.39,419.96,405.25,405.31,103087000
2022-08-29,402.2,405.84,401.2,402.63,65370800
2022-08-30,403.85,404.1,396.0,398.21,85652400
2022-08-31,399.93,401.24,395.04,395.18,76029700
2022-09-01,392.89,396.78,390.04,396.42,78740100
2022-09-02,400.28,401.56,390.33,392.24,99632100
2022-09-06,393.13,394.12,388.42,390.76,76637400
2022-09-07,390.43,398.59,390.2,397.78,70964200
2022-09-08,395.39,400.86,394.12,400.38,80821700
2022-09-09,402.74,407.51,402.46,406.6,76706900
2022-09-12,408.78,411.73,408.46,410.97,69256300
2022-09-13,401.83,403.1,391.92,393.1,122947100
2022-09-14,394.47,396.2,391.12,394.6,85023700
2022-09-15,392.96,395.96,388.78,390.12,87633800
2022-09-16,384.14,386.25,382.11,385.56,103084800
2022-09-19,382.26,388.55,382.18,388.55,73278500
2022-09-20,385.06,386.12,381.2,384.09,77274900
2022-09-21,386.11,389.31,377.38,377.39,106746600
2022-09-22,376.58,378.3,373.44,374.22,89472600
2022-09-23,370.58,370.62,363.29,367.95,122346900
2022-09-26,366.41,370.21,363.03,364.31,92581200
2022-09-27,368.02,370.4,360.87,363.38,108294100
2022-09-28,364.38,372.3,362.6,370.53,110802200
2022-09-29,366.81,367.11,359.7,362.79,112952300
2022-09-30,361.8,365.91,357.04,357.18,153711200
2022-10-03,361.08,368.55,359.21,366.61,89756500
2022-10-04,372.4,378.0,366.57,377.97,103602800
2022-10-05,373.39,379.46,370.95,377.09,88065700
2022-10-06,375.62,378.72,372.68,373.2,82333500
2022-10-07,368.97,373.29,360.94,362.79,107789500
2022-10-10,363.96,364.21,357.67,360.02,76042800
2022-10-11,358.24,363.03,355.71,357.74,92482800
2022-10-12,358.17,359.82,356.3,356.56,76991800
2022-10-13,349.21,367.51,348.11,365.97,147254500
2022-10-14,368.55,370.26,356.96,357.63,123737000
2022-10-17,364.01,367.98,357.28,366.82,93168200
2022-10-18,375.13,375.45,367.52,371.13,97162900
2022-10-19,368.99,371.85,365.55,368.5,79746900
2022-10-20,368.03,372.67,364.61,365.41,88283100
2022-10-21,365.12,374.8,363.54,374.29,131038400
2022-10-24,375.89,380.06,373.11,378.87,85436900
2022-10-25,378.79,385.25,378.67,384.92,78846300
2022-10-26,381.62,387.58,381.35,382.02,104087300
2022-10-27,383.07,385.0,379.33,379.98,81971800
2022-10-28,379.87,389.52,379.68,389.02,100302000
2022-10-31,386.44,388.4,385.26,386.21,96631300
2022-11-01,390.14,390.39,383.29,384.52,85407600
2022-11-02,383.9,388.63,374.76,374.87,126990400
2022-11-03,371.47,374.2,368.79,371.01,87100100
2022-11-04,377.0,378.87,370.0,376.35,103505200
2022-11-07,377.71,380.57,375.53,379.95,68286900
2022-11-08,381.11,385.12,377.72,382.0,84641100
2022-11-09,379.93,381.14,373.61,374.13,78495500
2022-11-10,388.05,395.04,385.64,394.69,141455800
2022-11-11,395.59,399.35,393.61,398.51,93839900
2022-11-14,396.66,400.18,394.83,395.12,71903500
2022-11-15,401.15,402.31,394.49,398.49,93194500
2022-11-16,396.78,397.78,394.79,395.45,68508500
2022-11-17,390.46,394.95,390.14,394.24,74496300
2022-11-18,397.74,397.81,393.04,396.03,92922500
2022-11-21,394.64,395.82,392.66,394.59,51243200
2022-11-22,396.63,400.07,395.15,399.9,60429000
2022-11-23,399.55,402.93,399.31,402.42,68261600
2022-11-25,401.83,402.91,401.54,402.33,30545400
2022-11-28,399.09,400.81,395.11,395.91,67881600
2022-11-29,396.05,397.3,393.3,395.23,52310000
2022-11-30,395.49,407.68,393.48,407.68,144566700
2022-12-01,408.77,410.0,404.75,407.38,76398200
2022-12-02,402.25,407.86,402.14,406.91,85342700
2022-12-05,403.95,404.93,398.17,399.59,77289800
2022-12-06,399.42,399.99,391.64,393.83,77972200
2022-12-07,392.94,395.64,391.97,393.16,65927900
2022-12-08,395.14,397.36,393.27,396.24,60737900
2022-12-09,394.94,397.62,393.15,393.28,81447700
2022-12-12,394.11,398.95,393.41,398.95,75405800
2022-12-13,410.22,410.49,399.07,401.97,123782500
2022-12-14,401.61,405.5,396.31,399.4,108111300
2022-12-15,394.3,395.25,387.89,389.63,117705900
2022-12-16,385.18,386.58,381.04,383.27,119858000
2022-12-19,383.47,383.82,378.28,380.02,79878100
2022-12-20,379.23,382.23,377.85,380.54,74427200
2022-12-21,383.25,387.41,382.69,386.23,78167400
2022-12-22,383.05,386.21,374.77,380.72,100120900
2022-12-23,379.65,383.06,378.03,382.91,59857300
2022-12-27,382.79,383.15,379.65,381.4,51638200
2022-12-28,381.33,383.39,376.42,376.66,70911500
2022-12-29,379.63,384.35,379.08,383.44,66970900
2022-12-30,380.64,382.58,378.43,382.43,84022200
2023-01-03,384.37,386.43,377.83,380.82,74850700
2023-01-04,383.18,385.88,380.0,383.76,85934100
2023-01-05,381.72,381.84,378.76,379.38,76970500
2023-01-06,382.61,389.25,379.41,388.08,104189600
2023-01-09,390.37,393.7,387.67,387.86,73978100
2023-01-10,387.25,390.65,386.27,390.58,65358100
2023-01-11,392.23,395.6,391.38,395.52,68881100
2023-01-12,396.67,398.49,392.42,396.96,90157700
2023-01-13,393.62,399.1,393.34,398.5,63903900
2023-01-17,398.48,400.23,397.06,397.77,62677300
2023-01-18,399.01,400.12,391.28,391.49,99632300
2023-01-19,389.36,391.08,387.26,388.64,86958900
2023-01-20,390.1,396.04,388.38,395.88,91806400
2023-01-23,396.72,402.65,395.72,400.63,84178800
2023-01-24,398.88,401.15,397.64,400.2,59524900
2023-01-25,395.95,400.7,393.56,400.35,84800300
2023-01-26,403.13,404.92,400.03,404.75,72287400
2023-01-27,403.66,408.16,403.44,405.68,68346200
2023-01-30,402.8,405.13,400.28,400.59,74202000
2023-01-31,401.13,406.53,400.77,406.48,86811800
2023-02-01,405.21,413.67,402.35,410.8,101459200
2023-02-02,414.86,418.31,412.88,416.78,101654500
2023-02-03,411.59,416.97,411.09,412.35,94736800
2023-02-06,409.79,411.29,408.1,409.83,60295300
2023-02-07,408.87,416.49,407.57,415.19,90990700
2023-02-08,413.13,414.53,409.93,410.65,76227500
2023-02-09,414.41,414.57,405.81,407.09,78694900
2023-02-10,405.86,408.44,405.01,408.04,70769700
2023-02-13,408.72,412.97,408.24,412.83,64913500
2023-02-14,411.24,415.05,408.51,412.64,88389300
2023-02-15,410.35,414.06,409.47,413.98,61555700
2023-02-16,408.79,412.91,408.14,408.28,76431500
2023-02-17,406.06,407.51,404.05,407.26,89257800
2023-02-21,403.06,404.16,398.82,399.09,82655900
2023-02-22,399.52,401.13,397.02,398.54,83742300
2023-02-23,401.56,402.2,396.25,400.66,96242400
2023-02-24,395.42,397.25,393.64,396.38,108194400
2023-02-27,399.87,401.29,396.75,397.73,80444700
2023-02-28,397.23,399.28,396.15,396.26,96438600
2023-03-01,395.41,396.69,393.38,394.74,99706800
2023-03-02,392.68,398.69,392.33,397.81,85127800
2023-03-03,399.71,404.45,399.03,404.19,90120000
2023-03-06,405.05,407.45,404.01,404.47,72795900
2023-03-07,404.42,404.67,397.63,398.27,108310600
2023-03-08,398.39,399.71,396.59,398.92,74746600
2023-03-09,399.74,401.48,390.53,391.56,111945300
2023-03-10,390.99,393.16,384.32,385.91,189253000
2023-03-13,381.81,390.39,380.65,385.36,157790000
2023-03-14,390.5,393.45,387.05,391.73,149752400
2023-03-15,385.89,389.49,383.71,389.28,172996900
2023-03-16,386.82,396.47,386.29,396.11,143254200
2023-03-17,393.22,394.4,388.55,389.99,140553400
2023-03-20,390.8,394.17,390.07,393.74,93055800
2023-03-21,397.24,399.41,395.58,398.91,91524200
2023-03-22,398.73,402.49,392.07,392.11,111746600
2023-03-23,395.09,399.29,390.35,393.17,119351300
2023-03-24,391.84,395.84,389.4,395.75,107682400
2023-03-27,398.12,398.92,395.56,396.49,74010400
2023-03-28,395.77,396.49,393.69,395.6,62871700
2023-03-29,399.93,401.6,398.68,401.35,77497900
2023-03-30,404.09,404.35,401.76,403.7,69840000
2023-03-31,404.66,409.7,404.55,409.39,112062600
2023-04-03,408.85,411.37,408.44,410.95,67391100
2023-04-04,411.62,411.92,407.24,408.67,66601500
2023-04-05,407.91,408.7,405.88,407.6,65200200
2023-04-06,406.77,409.48,405.68,409.19,63743300
2023-04-10,406.61,409.69,405.97,409.61,63681000
2023-04-11,410.26,411.18,408.92,409.72,59297900
2023-04-12,411.87,412.17,407.44,408.05,86420400
2023-04-13,409.18,413.84,407.99,413.47,85814800
2023-04-14,412.81,415.09,410.06,412.46,78161500
2023-04-17,412.37,413.96,411.09,413.94,66436400
2023-04-18,415.58,415.72,412.78,414.21,63560000
2023-04-19,412.22,415.08,412.16,414.14,55227300
2023-04-20,411.21,413.7,410.27,411.88,75840400
2023-04-21,412.19,412.68,410.17,412.2,73457400
2023-04-24,411.99,413.07,410.6,412.63,64332100
2023-04-25,410.58,411.16,406.02,406.08,97766700
2023-04-26,406.72,407.84,403.78,404.36,80447000
2023-04-27,407.0,412.69,406.74,412.41,92968400
2023-04-28,411.49,415.94,411.43,415.93,89433100
2023-05-01,415.47,417.62,415.27,415.51,62122300
2023-05-02,414.77,414.82,407.82,410.84,103998500
2023-05-03,411.36,413.87,407.77,408.02,91531800
2023-05-04,406.93,407.27,403.74,405.13,94901900
2023-05-05,408.91,413.72,408.64,412.63,87891800
2023-05-08,412.97,413.24,411.28,412.74,50046800
2023-05-09,411.13,412.09,410.69,410.93,49220100
2023-05-10,413.88,414.54,408.87,412.85,96142900
2023-05-11,411.95,412.43,409.97,412.13,70157100
2023-05-12,413.42,413.64,409.07,411.59,70481500
2023-05-15,412.22,413.43,410.23,413.01,54289400
2023-05-16,411.86,412.82,410.24,410.25,57705500
2023-05-17,412.35,415.86,410.64,415.23,87287000
2023-05-18,414.9,419.67,414.67,419.23,97177200
2023-05-19,420.17,420.72,417.35,418.62,103793300
2023-05-22,418.64,420.39,417.35,418.79,60745400
2023-05-23,417.08,418.72,413.68,414.09,86383500
2023-05-24,412.42,412.82,409.88,411.09,89213700
2023-05-25,414.74,416.16,412.41,414.65,90961600
2023-05-26,415.33,420.77,415.25,420.02,93830000
2023-05-30,422.03,422.58,418.74,420.18,72216000
2023-05-31,418.28,419.22,416.22,417.85,110811800
2023-06-01,418.09,422.92,416.79,421.82,88865000
2023-06-02,424.5,428.74,423.95,427.92,91426200
2023-06-05,428.28,429.62,426.37,427.1,65460200
2023-06-06,426.67,428.58,425.99,428.03,64022200
2023-06-07,428.44,429.62,426.11,426.55,85373300
2023-06-08,426.62,429.6,425.82,429.13,61952800
2023-06-09,429.96,431.99,428.87,429.9,85742800
2023-06-12,430.92,433.88,430.17,433.8,76104300
2023-06-13,435.32,437.33,434.63,436.66,95899700
2023-06-14,437.01,439.06,433.59,437.18,100612100
2023-06-15,436.33,443.9,436.23,442.6,110303100
2023-06-16,443.02,443.61,438.97,439.46,114165800
2023-06-20,437.45,438.37,435.03,437.18,76160400
2023-06-21,436.16,436.99,434.33,434.94,76982300
2023-06-22,433.95,436.62,433.6,436.51,70637200
2023-06-23,432.93,435.06,432.47,433.21,92074500
2023-06-26,432.62,434.61,431.19,431.44,72823600
2023-06-27,432.35,436.81,431.88,436.17,72813700
2023-06-28,435.05,437.44,434.41,436.39,75636000
2023-06-29,435.96,438.28,435.54,438.11,67882300
2023-06-30,441.44,444.3,441.11,443.28,104964000
2023-07-03,442.92,444.08,442.63,443.79,32793400
2023-07-05,441.91,443.89,441.9,443.13,58418400
2023-07-06,439.42,440.1,437.06,439.66,80658300
2023-07-07,438.63,442.64,438.3,438.55,86134200
2023-07-10,438.18,439.84,437.59,439.66,62443500
2023-07-11,440.45,442.97,439.44,442.46,64463800
2023-07-12,446.39,447.48,444.91,446.02,91924500
2023-07-13,447.9,450.38,447.45,449.56,72425200
2023-07-14,450.48,451.36,448.49,449.28,69815800
2023-07-17,449.13,451.93,449.08,450.84,52680200
2023-07-18,450.5,454.86,450.05,454.19,80668200
2023-07-19,455.01,456.43,454.11,455.2,65891700
2023-07-20,454.17,455.1,451.44,452.18,70591600
2023-07-21,453.96,454.17,452.17,452.18,71275600
2023-07-24,453.37,455.04,452.3,454.2,54023400
2023-07-25,453.92,456.74,453.87,455.44,55191200
2023-07-26,454.47,456.99,453.38,455.51,71052900
2023-07-27,459.02,459.44,451.55,452.49,92194400
2023-07-28,455.88,457.78,452.49,456.92,80011800
2023-07-31,457.41,458.16,456.05,457.79,62040400
2023-08-01,456.27,457.25,455.49,456.48,55291500
2023-08-02,453.25,453.52,449.35,450.13,93933400
2023-08-03,448.04,450.79,447.37,448.84,64276100
2023-08-04,450.72,452.9,446.27,446.81,100128900
2023-08-07,448.71,450.87,447.99,450.71,58357500
2023-08-08,448.08,450.7,445.27,448.75,71361300
2023-08-09,449.03,449.2,444.96,445.75,78789600
2023-08-10,448.19,451.7,444.7,445.91,93005500
2023-08-11,443.97,446.7,443.35,445.65,68690900
2023-08-14,444.7,448.11,444.38,448.11,47867400
2023-08-15,446.27,446.64,442.3,442.89,75707500
2023-08-16,442.46,444.18,439.53,439.64,80107200
2023-08-17,441.16,441.43,435.75,436.29,95711300
2023-08-18,433.37,437.57,433.01,436.5,98852000
2023-08-21,437.55,440.11,435.32,439.34,68719000
2023-08-22,441.18,441.18,437.57,438.15,64994200
2023-08-23,439.25,443.67,439.1,443.03,68441000
2023-08-24,444.69,445.22,436.86,436.89,88517300
2023-08-25,438.68,441.3,435.0,439.97,102325100
2023-08-28,442.24,443.4,439.97,442.76,61595400
2023-08-29,442.65,449.45,442.46,449.16,83081900
2023-08-30,449.51,451.67,448.78,451.01,69053900
2023-08-31,451.65,452.83,450.16,450.35,66084600
2023-09-01,453.17,453.67,449.68,451.19,58944100
2023-09-05,450.73,451.06,449.17,449.24,55166200
2023-09-06,448.4,448.51,443.81,446.22,70758500
2023-09-07,443.11,445.55,442.75,444.85,70355400
2023-09-08,444.9,447.11,444.53,445.52,61659700
2023-09-11,448.24,448.77,446.47,448.45,60180100
2023-09-12,446.95,448.53,445.39,445.99,67565400
2023-09-13,446.22,447.71,445.08,446.51,60199300
2023-09-14,449.07,451.08,447.72,450.36,83430800
2023-09-15,447.14,447.48,442.92,443.37,111848900
2023-09-18,443.05,444.97,442.56,443.63,55752200
2023-09-19,442.68,443.29,439.94,442.71,66514600
2023-09-20,444.01,444.44,438.43,438.64,82562600
2023-09-21,435.7,435.97,431.23,431.39,104095800
2023-09-22,432.45,434.1,429.99,430.42,100829700
2023-09-25,429.17,432.27,428.72,432.23,70874500
2023-09-26,429.09,429.82,425.02,425.88,96168400
2023-09-27,427.09,427.67,422.29,426.05,104705800
2023-09-28,425.48,430.25,424.87,428.52,92258300
2023-09-29,431.67,431.85,425.91,427.48,115111300
2023-10-02,426.62,428.6,424.46,427.31,83798600
2023-10-03,425.06,427.37,420.18,421.59,103760600
2023-10-04,422.07,425.43,420.56,424.66,87453000
2023-10-05,424.36,425.37,421.17,424.5,70142700
2023-10-06,421.97,431.13,420.6,429.54,113273300
2023-10-09,427.58,432.88,427.01,432.29,80374400
2023-10-10,432.94,437.22,432.53,434.54,78607300
2023-10-11,435.64,436.58,433.18,436.32,62451700
2023-10-12,436.95,437.34,431.23,433.66,81154200
2023-10-13,435.21,436.45,429.88,431.5,95143100
2023-10-16,433.82,437.14,433.57,436.04,75433200
2023-10-17,432.81,438.14,432.45,436.02,75324700
2023-10-18,434.19,435.18,429.09,430.21,93559800
2023-10-19,430.95,432.82,425.73,426.43,121323000
2023-10-20,425.98,426.54,421.08,421.19,123919900
2023-10-23,419.61,424.45,417.8,420.46,92035100
2023-10-24,422.65,424.82,420.74,423.63,78564200
2023-10-25,421.89,421.92,417.02,417.55,94223200
2023-10-26,416.45,417.33,411.6,412.55,115156800
2023-10-27,414.19,414.6,409.21,410.68,107367700
2023-10-30,413.56,416.68,412.22,415.59,86562700
2023-10-31,416.18,418.53,414.21,418.2,79665200
2023-11-01,419.2,423.5,418.65,422.66,98068100
2023-11-02,426.58,430.92,426.56,430.76,94938900
2023-11-03,433.14,436.29,433.01,434.69,100167800
2023-11-06,435.47,436.15,433.68,435.69,67831700
2023-11-07,435.69,437.59,434.51,436.93,64256100
2023-11-08,437.55,438.09,434.87,437.25,61746000
2023-11-09,438.43,438.47,433.4,433.84,83174400
2023-11-10,435.98,440.93,433.83,440.61,89462200
2023-11-13,439.23,441.33,438.42,440.19,52236100
2023-11-14,446.32,450.06,446.09,448.73,97176900
2023-11-15,450.11,451.38,448.8,449.68,77327600
2023-11-16,449.22,450.56,448.12,450.23,66665800
2023-11-17,450.24,451.42,449.29,450.79,83133200
2023-11-20,450.53,455.13,450.52,454.26,69936200
2023-11-21,453.18,454.13,451.96,453.27,49244600
2023-11-22,454.98,456.38,453.89,455.02,59394900
2023-11-24,455.07,455.5,454.73,455.3,29737400
2023-11-27,454.65,455.49,454.08,454.48,50506000
2023-11-28,454.08,456.27,453.5,454.93,62115000
2023-11-29,457.15,458.32,454.2,454.61,63146000
2023-11-30,455.48,456.76,453.34,456.4,79752700
2023-12-01,455.77,459.65,455.16,459.1,89183400
2023-12-04,455.6,459.12,454.34,456.69,72430900
2023-12-05,455.26,457.59,454.87,456.6,69793500
2023-12-06,458.81,458.84,454.31,454.76,69124700
2023-12-07,456.91,458.9,456.29,458.23,66995400
2023-12-08,457.46,460.75,457.21,460.2,83194400
2023-12-11,459.69,462.17,459.47,461.99,65002200
2023-12-12,461.63,464.2,460.6,464.1,68327600
2023-12-13,464.49,470.76,464.12,470.5,93278000
2023-12-14,472.5,473.73,469.25,472.01,119026000
2023-12-15,469.49,470.7,467.43,469.33,141553700
2023-12-18,470.98,472.98,469.89,471.97,70375300
2023-12-19,472.53,474.92,472.45,474.84,55761800
2023-12-20,473.96,475.9,467.82,468.26,102921000
2023-12-21,471.33,472.98,468.84,472.7,86667500
2023-12-22,473.86,475.38,471.7,473.65,67160400
2023-12-26,474.07,476.58,473.99,475.65,55387000
2023-12-27,475.44,476.66,474.89,476.51,68000300
2023-12-28,476.88,477.55,476.26,476.69,77158100
2023-12-29,476.49,477.03,473.3,475.31,122283100
2024-01-02,472.16,473.67,470.49,472.65,123623700
2024-01-03,470.43,471.19,468.17,468.79,103585900
2024-01-04,468.3,470.96,467.05,467.28,84232200
2024-01-05,467.49,470.44,466.43,467.92,86118900
2024-01-08,468.43,474.75,468.3,474.6,74879100
2024-01-09,471.87,474.93,471.35,473.88,65931400
2024-01-10,474.16,477.45,473.87,476.56,67310600
2024-01-11,477.59,478.12,472.26,476.35,77940700
2024-01-12,477.84,478.6,475.23,476.68,58026400
2024-01-16,475.26,476.61,473.06,474.93,85014900
2024-01-17,471.82,472.79,469.87,472.29,68843900
2024-01-18,474.01,477.06,472.42,476.49,91856200
2024-01-19,477.65,482.72,476.54,482.43,110834500
2024-01-22,484.01,485.22,482.78,483.45,75844900
2024-01-23,484.01,485.11,482.89,484.86,49945300
2024-01-24,487.81,488.77,484.88,485.39,81765000
2024-01-25,487.58,488.31,485.39,488.03,72525000
2024-01-26,487.59,489.12,486.54,487.41,76641600
2024-01-29,487.73,491.42,487.17,491.27,61322800
2024-01-30,490.56,491.62,490.11,490.89,58618400
2024-01-31,488.62,489.08,482.86,482.88,126011100
2024-02-01,484.63,489.23,483.8,489.2,91891600
2024-02-02,489.65,496.05,489.3,494.35,99228200
2024-02-05,493.7,494.38,490.23,492.55,75757100
2024-02-06,493.52,494.32,492.05,493.98,55918600
2024-02-07,496.29,498.53,495.36,498.1,70556500
2024-02-08,498.1,498.71,497.26,498.32,52343600
2024-02-09,498.84,501.65,498.49,501.2,63979400
2024-02-12,501.17,503.5,500.24,500.98,56502300
2024-02-13,494.53,497.09,490.72,494.08,113099200
2024-02-14,496.79,499.07,494.4,498.57,68387800
2024-02-15,499.29,502.2,498.8,502.01,61683000
2024-02-16,501.7,502.87,498.75,499.51,75532900
2024-02-20,497.72,498.41,494.45,496.76,71736700
2024-02-21,495.42,497.37,493.56,497.21,59293400
2024-02-22,504.01,508.49,503.02,507.5,76402500
2024-02-23,509.27,510.13,507.1,507.85,61321800
2024-02-26,508.3,508.75,505.86,505.99,50386700
2024-02-27,506.7,507.16,504.75,506.93,48854500
2024-02-28,505.33,506.86,504.96,506.26,56506600
2024-02-29,508.07,509.74,505.35,508.08,83924800
2024-03-01,508.98,513.29,508.56,512.85,76844800
2024-03-04,512.03,514.2,512.0,512.3,49799300
2024-03-05,510.24,510.7,504.91,507.18,72855600
2024-03-06,510.55,512.07,508.42,509.75,68382400
2024-03-07,513.14,515.89,509.81,514.81,58652100
2024-03-08,515.46,518.22,511.13,511.72,86532500
2024-03-11,510.48,511.88,508.5,511.28,62557200
2024-03-12,513.45,517.38,510.86,516.78,73114400
2024-03-13,517.11,517.29,514.49,515.97,55104100
2024-03-14,516.97,517.13,511.82,514.95,110171800
2024-03-15,510.21,511.7,508.12,509.83,107646300
2024-03-18,514.0,515.48,512.44,512.86,88893300
2024-03-19,512.15,516.0,511.12,515.71,60755300
2024-03-20,515.77,520.62,515.08,520.48,69594600
2024-03-21,523.39,524.11,521.91,522.2,60256100
2024-03-22,522.11,522.61,520.97,521.21,79070800
2024-03-25,519.8,520.95,519.61,519.77,48512100
2024-03-26,521.23,521.58,518.4,518.81,65463700
2024-03-27,521.71,523.21,519.49,523.17,82999800
2024-03-28,523.21,524.61,522.78,523.07,96294900
2024-04-01,523.83,524.38,520.97,522.16,62477500
2024-04-02,518.24,518.98,516.48,518.84,74230300
2024-04-03,517.72,520.95,517.67,519.41,59155800
2024-04-04,523.52,523.87,512.76,513.07,96858100
2024-04-05,514.46,520.44,514.01,518.43,74546500
2024-04-08,519.15,520.18,517.89,518.72,48401800
2024-04-09,520.5,520.75,514.35,519.32,68049200
2024-04-10,513.48,516.16,512.09,514.12,82652800
2024-04-11,515.68,519.48,512.08,518.0,70099000
2024-04-12,514.37,515.82,509.08,510.85,92561100
2024-04-15,515.13,515.3,503.58,504.45,92101400
2024-04-16,504.94,506.5,502.21,503.53,73484000
2024-04-17,506.05,506.22,499.12,500.55,75910300
2024-04-18,501.98,504.13,498.56,499.52,74548100
2024-04-19,499.44,500.46,493.86,495.16,102212600
2024-04-22,497.83,502.38,495.43,499.72,67961000
2024-04-23,501.78,506.09,499.53,505.65,64633600
2024-04-24,506.56,507.37,503.13,505.41,55928100
2024-04-25,499.18,504.27,497.49,503.49,69122400
2024-04-26,506.35,509.88,505.7,508.26,64306100
2024-04-29,510.09,510.75,507.25,510.06,46415400
2024-04-30,508.56,509.56,501.98,501.98,77483600
2024-05-01,501.38,508.19,499.87,500.35,80242800
2024-05-02,504.15,505.89,499.55,505.03,62550200
2024-05-03,511.16,512.55,508.56,511.29,72756700
2024-05-06,513.75,516.61,513.3,516.57,47264700
2024-05-07,517.56,518.57,516.45,517.14,52561300
2024-05-08,515.26,517.74,515.14,517.19,42047200
2024-05-09,517.38,520.21,516.71,520.17,43643700
2024-05-10,521.81,522.64,519.59,520.84,52233200
2024-05-13,522.56,522.67,519.74,520.91,36716400
2024-05-14,521.11,523.83,520.56,523.3,57535900
2024-05-15,525.83,530.08,525.18,529.78,59504900
2024-05-16,529.88,531.52,528.54,528.69,50244800
2024-05-17,528.81,529.52,527.32,529.45,59187600
2024-05-20,529.57,531.56,529.17,530.06,37764200
2024-05-21,529.28,531.52,529.07,531.36,33437000
2024-05-22,530.65,531.38,527.6,529.83,48390000
2024-05-23,532.96,533.07,524.72,525.96,57211200
2024-05-24,527.85,530.27,526.88,529.44,41291100
2024-05-28,530.27,530.51,527.11,529.81,36269600
2024-05-29,525.68,527.31,525.37,526.1,45190300
2024-05-30,524.52,525.2,521.33,522.61,46377600
2024-05-31,523.59,527.5,518.36,527.37,90785800
2024-06-03,529.02,529.31,522.6,527.8,46835700
2024-06-04,526.46,529.15,524.96,528.39,34632700
2024-06-05,530.77,534.69,528.73,534.67,47610400
2024-06-06,534.98,535.42,532.68,534.66,30808500
2024-06-07,533.66,536.89,532.54,534.01,43224500
2024-06-10,533.18,535.99,532.57,535.66,35686100
2024-06-11,534.07,537.01,532.05,536.95,36383400
2024-06-12,541.63,544.12,540.3,541.36,63251300
2024-06-13,543.15,543.33,539.59,542.45,44760900
2024-06-14,540.88,542.81,539.85,542.78,40089900
2024-06-17,542.08,548.53,541.61,547.1,55839500
2024-06-18,547.16,548.62,546.73,548.49,41376400
2024-06-20,549.44,550.12,545.18,547.0,70328200
2024-06-21,544.4,545.65,543.02,544.51,64338600
2024-06-24,544.33,546.95,542.62,542.74,45528700
2024-06-25,543.99,545.2,542.44,544.83,37936200
2024-06-26,543.69,546.24,543.03,545.51,38550600
2024-06-27,545.37,546.96,544.61,546.37,35041500
2024-06-28,547.16,550.28,542.95,544.22,76144500
2024-07-01,545.63,545.88,542.52,545.34,40297800
2024-07-02,543.7,549.01,543.65,549.01,40434800
2024-07-03,548.69,551.83,548.65,551.46,32789900
2024-07-05,551.77,555.05,551.12,554.64,41488400
2024-07-08,555.44,556.25,554.19,555.28,36110500
2024-07-09,556.26,557.18,555.52,555.82,27289700
2024-07-10,557.07,561.67,556.77,561.32,38701200
2024-07-11,561.44,562.33,555.83,556.48,53054200
2024-07-12,557.63,563.67,557.15,559.99,53084400
2024-07-15,562.03,564.84,559.63,561.53,40584300
2024-07-16,562.87,565.16,562.1,564.86,36475300
2024-07-17,558.8,560.51,556.61,556.94,57119000
2024-07-18,558.51,559.52,550.43,552.66,56270400
2024-07-19,552.42,554.08,547.91,548.99,65509100
2024-07-22,553.0,555.27,551.02,554.65,43346700
2024-07-23,554.54,556.74,553.28,553.78,34439600
2024-07-24,548.86,549.17,540.29,541.23,74515300
2024-07-25,541.35,547.46,537.45,538.41,61158300
2024-07-26,542.28,547.19,541.49,544.44,53763800
2024-07-29,546.02,547.05,542.72,544.76,39515800
2024-07-30,546.26,547.34,538.52,542.0,46853600
2024-07-31,548.98,553.5,547.58,550.81,65663400
2024-08-01,552.57,554.87,539.43,543.01,76428700
2024-08-02,535.75,536.99,528.6,532.9,82789100
2024-08-05,511.64,523.58,510.27,517.38,146267400
2024-08-06,519.22,529.75,517.87,522.15,84826300
2024-08-07,528.47,531.59,518.05,518.66,70698300
2024-08-08,523.91,531.29,521.84,530.65,63276600
2024-08-09,529.81,534.51,528.56,532.99,45619600
2024-08-12,534.21,535.73,530.95,533.27,42542100
2024-08-13,536.53,542.28,536.28,542.04,52333100
2024-08-14,542.85,544.96,540.12,543.75,42446900
2024-08-15,549.5,553.36,548.88,553.07,60846800
2024-08-16,551.42,555.02,551.26,554.31,44430700
2024-08-19,554.73,559.61,553.86,559.61,39121800
2024-08-20,559.15,560.84,557.33,558.7,33732300
2024-08-21,559.77,562.11,554.73,560.62,41514600
2024-08-22,562.56,563.18,554.98,556.22,56121500
2024-08-23,559.53,563.09,557.29,562.13,50639400
2024-08-26,563.18,563.91,559.05,560.79,35788600
2024-08-27,559.49,562.06,558.32,561.56,32693900
2024-08-28,561.21,561.65,555.04,558.3,41066000
2024-08-29,560.31,563.68,557.18,558.35,38715200
2024-08-30,560.77,564.2,557.14,563.68,62700100
2024-09-03,560.47,560.81,549.51,552.08,60600100
2024-09-04,550.2,554.43,549.46,550.95,47224900
2024-09-05,550.89,553.8,547.1,549.61,44264300
2024-09-06,549.94,551.6,539.44,540.36,68493800
2024-09-09,544.65,547.71,542.68,546.41,40445800
2024-09-10,548.36,549.15,543.38,548.79,36394600
2024-09-11,548.7,555.36,539.96,554.42,75248600
2024-09-12,555.01,559.4,552.74,559.09,51819600
2024-09-13,559.71,563.03,559.45,562.01,39310500
2024-09-16,561.74,563.11,559.9,562.84,36656100
2024-09-17,565.1,566.58,560.79,563.07,49321000
2024-09-18,563.74,568.69,560.83,561.4,59044900
2024-09-19,571.01,572.88,568.08,570.98,75315500
2024-09-20,567.84,569.31,565.17,568.25,77503100
2024-09-23,569.34,570.33,568.1,569.67,44116900
2024-09-24,570.48,571.36,567.6,571.3,46805700
2024-09-25,571.14,571.89,568.91,570.04,38428600
2024-09-26,574.38,574.71,569.9,572.3,48336000
2024-09-27,573.39,574.22,570.42,571.47,42100900
2024-09-30,570.42,574.38,568.08,573.76,63557400
2024-10-01,573.4,574.06,566.0,568.62,72668800
2024-10-02,567.71,569.9,565.27,568.86,38097800
2024-10-03,567.36,569.8,565.49,567.82,40846500
2024-10-04,572.35,573.36,568.1,572.98,42939100
2024-10-07,571.3,571.96,566.63,567.8,49964700
2024-10-08,570.42,573.78,569.53,573.17,37398700
2024-10-09,573.16,577.71,572.55,577.14,37912200
2024-10-10,575.77,577.58,574.49,576.13,44138100
2024-10-11,576.05,580.33,575.91,579.58,42268000
2024-10-14,581.22,585.27,580.73,584.32,36217200
2024-10-15,584.59,584.9,578.54,579.78,54203600
2024-10-16,579.78,582.83,578.96,582.3,30725400
2024-10-17,585.91,586.12,582.16,582.35,34393700
2024-10-18,584.07,585.39,582.58,584.59,37416800
2024-10-21,583.85,584.85,580.6,583.63,36439000
2024-10-22,581.05,584.5,580.38,583.32,34183800
2024-10-23,581.26,581.71,574.42,577.99,49314600
2024-10-24,579.98,580.06,576.57,579.24,34979900
2024-10-25,581.51,584.46,578.08,579.04,47268200
2024-10-28,582.58,582.71,580.52,580.83,30174700
2024-10-29,579.85,582.91,578.43,581.77,42899700
2024-10-30,581.29,583.32,579.29,580.01,41435800
2024-10-31,575.56,575.63,568.44,568.64,60182500
2024-11-01,571.32,575.55,570.62,571.04,45667500
2024-11-04,571.18,572.5,567.89,569.81,38217000
2024-11-05,570.74,576.74,570.52,576.7,39478300
2024-11-06,589.2,591.93,585.39,591.04,68182000
2024-11-07,593.08,596.65,593.0,595.61,47233200
2024-11-08,596.17,599.64,596.17,598.19,46444900
2024-11-11,599.81,600.17,597.0,598.76,37586800
2024-11-12,598.68,599.29,594.37,596.9,43006100
2024-11-13,597.37,599.23,594.96,597.19,47388600
2024-11-14,597.32,597.81,592.65,593.35,38904100
2024-11-15,589.72,590.2,583.86,585.75,75988800
2024-11-18,586.22,589.49,585.34,588.15,37001700
2024-11-19,584.71,591.04,584.03,590.3,49412000
2024-11-20,590.38,590.79,584.63,590.5,50032600
2024-11-21,593.4,595.12,587.45,593.67,46750300
2024-11-22,593.66,596.15,593.15,595.51,38226400
2024-11-25,599.52,600.86,595.2,597.53,42441400
2024-11-26,598.8,601.33,598.07,600.65,45621300
2024-11-27,600.46,600.85,597.28,598.83,34000200
2024-11-29,599.66,603.35,599.38,602.55,30177400
2024-12-02,602.97,604.32,602.47,603.63,31746000
2024-12-03,603.39,604.16,602.34,603.91,26906600
2024-12-04,605.63,607.91,604.95,607.66,42787600
2024-12-05,607.66,608.48,606.3,606.66,28762200
2024-12-06,607.44,609.07,607.02,607.81,31241500
2024-12-09,607.69,607.86,604.08,604.68,34742700
2024-12-10,605.37,605.8,602.13,602.8,37234500
2024-12-11,605.78,608.43,605.5,607.46,28677700
2024-12-12,606.58,607.16,604.33,604.33,31543800
2024-12-13,606.4,607.13,602.81,604.21,35904700
2024-12-16,606.0,607.78,605.21,606.79,43695200
2024-12-17,604.19,605.17,602.89,604.29,55773500
2024-12-18,603.98,606.41,585.89,586.28,108248700
2024-12-19,591.36,593.0,585.85,586.1,85919500
2024-12-20,581.77,595.75,580.91,591.15,125716700
2024-12-23,590.89,595.3,587.66,594.69,57635800
2024-12-24,596.06,601.34,595.47,601.3,33160100
2024-12-26,599.5,602.48,598.08,601.34,41219100
2024-12-27,597.54,597.78,590.76,595.01,64969300
2024-12-30,587.89,591.74,584.41,588.22,56578800
2024-12-31,589.91,590.64,584.42,586.08,57052700
2025-01-02,589.39,591.13,580.5,584.64,50204000
2025-01-03,587.53,592.6,586.43,591.95,37888500
2025-01-06,596.27,599.7,593.6,595.36,47679400
2025-01-07,597.42,597.75,586.78,588.63,60393100
2025-01-08,588.7,590.58,585.2,589.49,47304700
2025-01-10,585.88,585.95,578.55,580.49,73105000
2025-01-13,575.77,581.75,575.35,581.39,47910100
2025-01-14,584.36,585.0,578.35,582.19,48420600
2025-01-15,590.33,593.94,589.2,592.78,56900200
2025-01-16,594.17,594.35,590.93,591.64,43319700
2025-01-17,596.96,599.36,595.61,597.58,58070600
2025-01-21,600.67,603.06,598.67,603.05,42532900
2025-01-22,605.92,607.82,605.36,606.44,48196000
2025-01-23,605.8,609.75,605.52,609.75,41152100
2025-01-24,609.81,610.78,606.8,607.97,34604700
2025-01-27,594.81,599.69,594.64,599.37,70361100
2025-01-28,600.62,605.37,597.25,604.52,44433300
2025-01-29,603.72,604.13,599.22,601.81,37177400
2025-01-30,603.96,606.6,600.72,605.04,39281300
2025-01-31,607.5,609.96,601.05,601.82,66566900
2025-02-03,592.67,600.29,590.49,597.77,65857200
2025-02-04,597.83,602.3,597.28,601.78,33457800
2025-02-05,600.64,604.37,598.58,604.22,30653100
2025-02-06,605.99,606.45,602.63,606.32,35771500
2025-02-07,606.89,608.13,600.05,600.77,50788500
2025-02-10,604.03,605.5,602.74,604.85,26048700
2025-02-11,602.55,605.86,602.43,605.31,30056700
2025-02-12,599.2,604.55,598.51,603.36,45076100
2025-02-13,604.48,609.94,603.2,609.73,40921300
2025-02-14,609.94,610.99,609.07,609.7,26910400
2025-02-18,610.88,611.49,608.38,611.49,26749000
2025-02-19,610.08,613.23,609.56,612.93,31011100
2025-02-20,611.54,611.68,607.02,610.38,36554000
2025-02-21,610.16,610.3,599.47,599.94,76519800
2025-02-24,602.02,603.03,596.49,597.21,50737200
2025-02-25,597.15,597.89,589.56,594.24,58266500
2025-02-26,595.93,599.58,591.86,594.54,43321600
2025-02-27,596.85,598.02,584.65,585.05,74196700
2025-02-28,585.56,594.72,582.44,594.18,88744100
2025-03-03,596.18,597.34,579.9,583.77,74249200
2025-03-04,579.71,585.39,572.25,576.86,109648200
2025-03-05,576.69,584.88,573.08,583.06,71230500
2025-03-06,575.48,580.17,570.12,572.71,80094900
2025-03-07,570.9,577.39,565.63,575.92,81158800
2025-03-10,567.59,569.54,555.59,560.58,99326600
2025-03-11,559.4,564.02,552.02,555.92,88102100
2025-03-12,562.17,563.11,553.69,558.87,69588200
2025-03-13,558.49,559.11,549.68,551.42,74079400
2025-03-14,556.11,563.83,551.49,562.81,62660300
2025-03-17,562.79,569.71,562.35,567.15,49008700
2025-03-18,564.8,565.02,559.06,561.02,66041400
2025-03-19,562.83,570.95,561.63,567.13,66556000
2025-03-20,563.33,570.57,562.6,565.49,62958200
2025-03-21,559.28,564.89,558.03,563.98,83763000
2025-03-24,570.8,575.15,570.2,574.08,58766800
2025-03-25,575.3,576.41,573.69,575.46,38355700
2025-03-26,575.19,576.33,567.19,568.59,51848300
2025-03-27,567.18,570.9,564.94,567.08,42164200
2025-03-28,565.53,566.27,555.07,555.66,71662700
2025-03-31,549.83,560.71,546.87,559.39,95328200
2025-04-01,557.45,562.94,553.68,560.97,54609600
2025-04-02,555.05,567.42,554.81,564.52,76014500
2025-04-03,545.11,547.97,536.7,536.7,125986000
2025-04-04,523.67,525.87,505.06,505.28,217965100
2025-04-07,489.19,523.17,481.8,504.38,256611400
2025-04-08,521.86,524.98,489.16,496.48,165816600
2025-04-09,493.44,548.62,493.05,548.62,241867300
2025-04-10,532.17,533.5,509.32,524.58,162331200
2025-04-11,523.01,536.43,520.07,533.94,97866300
2025-04-14,544.05,544.28,533.86,539.12,68034000
2025-04-15,539.67,543.23,536.81,537.61,56892900
2025-04-16,531.68,537.89,520.29,525.66,83484800
2025-04-17,527.64,531.17,523.91,526.41,79868100
2025-04-21,521.16,521.7,508.46,513.88,69368100
2025-04-22,520.14,529.3,519.19,527.25,75948100
2025-04-23,540.43,545.43,533.88,535.42,90590700
2025-04-24,536.72,547.43,535.45,546.69,64150400
2025-04-25,546.65,551.05,543.69,550.64,61119600
2025-04-28,551.39,553.55,545.02,550.85,47613800
2025-04-29,548.91,555.45,548.55,554.32,47775100
2025-04-30,547.57,556.52,541.52,554.54,93101500
2025-05-01,560.37,564.07,557.86,558.47,63186100
2025-05-02,564.73,568.38,562.38,566.76,60717300
2025-05-05,562.57,566.65,561.7,563.51,38659200
2025-05-06,557.93,563.35,556.96,558.8,48264700
2025-05-07,560.15,563.82,556.04,561.15,55588000
2025-05-08,565.24,570.31,561.7,565.06,65130800
2025-05-09,566.48,567.5,562.76,564.34,37603400
2025-05-12,581.47,583.0,577.04,582.99,78993600
2025-05-13,583.41,589.08,582.84,586.84,67947200
2025-05-14,587.81,588.98,585.54,587.59,66283500
2025-05-15,585.56,590.97,585.1,590.46,71268100
2025-05-16,591.25,594.5,589.28,594.2,76052100
2025-05-19,588.1,595.54,588.1,594.85,68168500
2025-05-20,593.09,594.05,589.6,592.85,60614500
2025-05-21,588.44,592.58,581.82,582.86,95197700
2025-05-22,582.66,586.62,581.41,583.09,70860400
2025-05-23,575.98,581.81,575.6,579.11,76029000
2025-05-27,586.07,591.31,578.43,591.15,72588500
2025-05-28,591.56,592.77,586.99,587.73,68445500
2025-05-29,593.06,593.2,586.07,590.05,69973300
2025-05-30,588.93,591.13,583.24,589.39,90601200
2025-06-02,587.76,592.79,585.06,592.71,61630500
2025-06-03,592.34,597.08,591.85,596.09,63606200
2025-06-04,596.96,597.95,595.49,595.93,57314200
2025-06-05,597.63,599.0,591.05,593.05,92278700
2025-06-06,598.66,600.83,596.86,599.14,66588700
2025-06-09,599.72,601.25,598.49,599.68,53016400
2025-06-10,600.22,603.47,599.09,603.08,66247000
2025-06-11,604.19,605.06,599.27,601.36,73658200
2025-06-12,600.01,603.75,599.52,603.75,64129000
2025-06-13,598.5,601.85,595.48,597.0,89506000
2025-06-16,600.4,604.45,600.22,602.68,79984100
2025-06-17,600.21,601.75,596.76,597.53,82209400
2025-06-18,598.44,601.22,596.47,597.44,76605000
2025-06-20,598.38,599.46,592.86,594.28,94051400
2025-06-23,595.04,600.54,591.89,600.15,87426000
2025-06-24,604.33,607.85,603.41,606.78,67735300
2025-06-25,607.91,608.61,605.54,607.12,62114800
2025-06-26,608.99,612.31,608.37,611.87,78548400
2025-06-27,612.88,616.39,610.83,614.91,86258400
2025-06-30,617.38,619.22,615.04,617.85,92502500
2025-07-01,616.36,618.83,615.52,617.65,70030100
2025-07-02,617.24,620.49,616.61,620.45,66510400
2025-07-03,622.45,626.28,622.43,625.34,51065800
2025-07-07,623.36,624.03,617.87,620.68,74814500
2025-07-08,621.35,622.11,619.52,620.34,59024600
2025-07-09,622.77,624.72,620.91,624.06,66113300
2025-07-10,624.2,626.87,623.01,625.82,57529000
2025-07-11,622.74,624.86,621.53,623.62,63670200
2025-07-14,623.16,625.16,621.8,624.81,51898500
2025-07-15,627.52,627.86,622.06,622.14,74317300
2025-07-16,623.74,624.73,618.05,624.22,88987500
2025-07-17,624.4,628.4,624.18,628.04,68885700
2025-07-18,629.3,629.47,626.46,627.58,65621600
2025-07-21,628.77,631.54,628.34,628.77,63375000
2025-07-22,629.1,629.73,626.19,628.86,60046300
2025-07-23,631.55,634.21,629.73,634.21,70511000
2025-07-24,634.6,636.15,633.99,634.42,71307100
2025-07-25,635.09,637.58,634.84,637.1,56865400
2025-07-28,637.48,638.04,635.54,636.94,54917100
2025-07-29,638.35,638.67,634.34,635.26,60556300
2025-07-30,635.92,637.68,631.54,634.46,80418900
2025-07-31,639.46,639.85,630.77,632.08,103385200
2025-08-01,626.3,626.34,619.29,621.72,140103600
2025-08-04,625.67,631.22,625.58,631.17,73218000
2025-08-05,631.79,632.61,627.04,627.97,68051400
2025-08-06,629.05,633.44,628.13,632.78,64357500
2025-08-07,636.24,636.98,629.11,632.25,74205800
2025-08-08,634.06,637.65,633.74,637.18,64051600
2025-08-11,637.46,638.95,634.66,635.92,58742300
2025-08-12,638.29,642.85,636.79,642.69,64730800
2025-08-13,644.91,646.19,642.68,644.89,60092800
2025-08-14,642.79,645.62,642.34,644.95,59327500
2025-08-15,645.99,646.09,642.52,643.44,68592500
2025-08-18,642.86,644.0,642.18,643.3,43804900
2025-08-19,643.12,644.11,638.48,639.81,69750700
2025-08-20,639.4,639.66,632.95,638.11,88890300
2025-08-21,636.28,637.97,633.81,635.55,54805800
2025-08-22,637.76,646.5,637.25,645.31,84083200
2025-08-25,644.04,645.29,642.35,642.47,51274300
2025-08-26,642.2,645.51,641.57,645.16,51581600
2025-08-27,644.57,647.37,644.42,646.63,48341100
2025-08-28,647.24,649.48,645.34,648.92,61519500
2025-08-29,647.47,647.84,643.14,645.05,74522200
2025-09-02,637.5,640.49,634.92,640.27,81983500
2025-09-03,642.67,644.21,640.46,643.74,70820900
2025-09-04,644.42,649.15,643.51,649.12,65219200
2025-09-05,651.48,652.21,643.33,647.24,85178900
2025-09-08,648.62,649.84,647.23,648.83,63133100
2025-09-09,648.97,650.86,647.22,650.33,66133900
2025-09-10,653.62,654.55,650.63,652.21,78034500
2025-09-11,654.18,658.33,653.59,657.63,69934400
2025-09-12,657.6,659.11,656.9,657.41,72780100
2025-09-15,659.64,661.04,659.34,660.91,63772400
2025-09-16,661.47,661.78,659.21,660.0,61169000
2025-09-17,660.01,661.72,654.3,659.18,101952200
2025-09-18,661.89,664.89,660.27,662.26,90459200
2025-09-19,662.33,664.55,660.37,663.7,97945600
2025-09-22,662.2,667.29,662.17,666.84,69452200
2025-09-23,666.72,667.34,661.98,663.21,81708900
2025-09-24,664.51,664.61,659.67,661.1,68082200
2025-09-25,657.94,659.41,654.41,658.05,89622100
2025-09-26,659.51,662.37,657.88,661.82,69179200
2025-09-29,664.36,665.28,661.86,663.68,73499000
2025-09-30,662.93,666.65,661.61,666.18,86288000
2025-10-01,663.17,669.37,663.06,668.45,72545400
2025-10-02,670.45,670.57,666.78,669.22,56896000
2025-10-03,669.99,672.68,668.16,669.21,70494400
2025-10-06,671.62,672.51,669.46,671.61,54623300
2025-10-07,672.54,672.99,667.67,669.12,72020100
2025-10-08,670.25,673.21,669.42,673.11,60702200
2025-10-09,673.53,673.94,669.21,671.16,66501900
2025-10-10,672.13,673.95,652.84,653.02,159422600
2025-10-13,660.65,665.13,659.77,663.04,79560500
2025-10-14,657.17,665.83,653.17,662.23,88779600
2025-10-15,666.82,670.23,658.93,665.17,81702600
2025-10-16,666.82,668.71,657.11,660.64,110563300
2025-10-17,659.5,665.76,658.14,664.39,96500900
2025-10-20,667.32,672.21,667.27,671.3,60493400
2025-10-21,671.44,672.99,669.98,671.29,56249000
2025-10-22,672.0,672.0,663.3,667.8,80564000
2025-10-23,668.12,672.71,667.8,671.76,65604500
2025-10-24,676.46,678.47,675.65,677.25,74356500
2025-10-27,682.73,685.54,682.12,685.24,63339800
2025-10-28,687.05,688.91,684.83,687.06,61738100
2025-10-29,688.72,689.7,682.87,687.39,85657100
2025-10-30,683.9,685.94,679.83,679.83,76335800
2025-10-31,685.04,685.08,679.24,682.06,87164100
2025-11-03,685.67,685.8,679.94,683.34,57315000
2025-11-04,676.11,679.96,674.58,675.24,78427000
2025-11-05,674.98,680.86,674.17,677.58,74402400
2025-11-06,676.47,677.38,668.72,670.31,85035300
2025-11-07,667.91,671.08,661.21,670.97,100592400
2025-11-10,677.24,682.18,675.03,681.44,75842900
2025-11-11,679.95,683.57,678.73,683.0,58953400
2025-11-12,684.79,684.96,680.95,683.38,62312500
2025-11-13,680.5,680.86,670.52,672.04,103457800
2025-11-14,665.38,675.66,663.27,671.93,96846700
2025-11-17,669.7,673.71,662.17,665.67,90456100
2025-11-18,662.1,665.12,655.86,660.08,114467500
2025-11-19,660.78,667.34,658.75,662.63,94703000
2025-11-20,672.91,675.56,651.89,652.53,165293500
2025-11-21,655.05,664.55,650.85,659.03,123956200
2025-11-24,662.69,670.06,661.59,668.73,80437900
2025-11-25,668.63,676.21,664.48,675.02,81077100
2025-11-26,677.63,681.7,676.72,679.68,71879600
2025-11-28,680.86,683.67,680.5,683.39,49212000
2025-12-01,678.81,682.99,678.74,680.27,61201200
2025-12-02,681.92,683.82,679.33,681.53,62953800
2025-12-03,680.57,684.91,679.69,683.89,57238500
2025-12-04,685.3,685.37,681.34,684.39,61970300
2025-12-05,685.47,688.39,684.58,685.69,79241000
2025-12-08,686.59,686.64,681.57,683.63,55231500
2025-12-09,683.15,685.39,682.59,683.04,58310100
2025-12-10,682.56,688.97,681.31,687.57,85671300
2025-12-11,685.14,689.25,682.17,689.17,86173700
2025-12-12,688.17,688.88,679.17,681.76,113160300
2025-12-15,685.74,685.76,679.25,680.73,90811000
2025-12-16,679.23,681.08,674.98,678.87,122030600
2025-12-17,679.89,680.44,671.2,671.4,110625200
2025-12-18,677.6,680.74,674.9,676.47,108650100
2025-12-19,676.59,681.09,676.47,680.59,103599500
2025-12-22,683.94,685.36,680.59,684.83,69556700
2025-12-23,683.92,688.2,683.87,687.96,64840000
2025-12-24,687.95,690.83,687.8,690.38,39445600
2025-12-26,690.64,691.66,689.27,690.31,41613300
2025-12-29,687.54,689.2,686.07,687.85,62559500
2025-12-30,687.45,688.56,686.58,687.01,47160700
2025-12-31,687.14,687.36,681.71,681.92,74144800
2026-01-02,685.71,686.87,679.82,683.17,89377200
2026-01-05,686.54,689.43,686.38,687.72,71927200
2026-01-06,687.93,692.32,687.78,691.81,69273800
2026-01-07,692.19,693.96,689.32,689.58,75588300
2026-01-08,688.82,690.62,687.49,689.51,64019200
2026-01-09,690.63,695.31,689.18,694.07,80125500
2026-01-12,690.68,696.09,690.63,695.16,63976000
2026-01-13,695.49,696.09,691.35,693.77,78309700
2026-01-14,691.0,691.72,686.04,690.36,94676700
2026-01-15,694.57,695.45,691.25,692.24,77862000
2026-01-16,693.66,694.25,690.1,691.66,79289200
2026-01-20,681.49,684.77,676.57,677.58,111623300
2026-01-21,679.65,688.74,678.13,685.4,127844500
2026-01-22,689.85,691.13,686.92,688.98,77112200
2026-01-23,688.15,690.96,687.16,689.23,63059600
2026-01-26,690.49,694.13,689.92,692.73,60473800
2026-01-27,694.18,696.53,693.57,695.49,55506100
2026-01-28,697.05,697.84,693.94,695.42,61172200
2026-01-29,696.39,697.06,684.83,694.04,97486200
2026-01-30,691.79,694.21,687.12,691.97,101835100
2026-02-02,689.58,696.93,689.42,695.41,79286500
2026-02-03,696.21,696.96,684.03,689.53,107904600
2026-02-04,690.35,691.45,681.76,686.19,105204600
2026-02-05,680.94,683.69,675.79,677.62,113610800
2026-02-06,681.46,692.31,680.85,690.62,89127600
2026-02-09,689.42,695.87,688.34,693.95,73885200
2026-02-10,694.95,696.54,691.66,692.12,65185700
2026-02-11,696.39,697.14,689.18,691.96,76353900
2026-02-12,694.24,695.35,680.37,681.27,118829000
2026-02-13,681.69,686.28,677.52,681.75,96267500
2026-02-17,680.14,684.94,675.78,682.85,81354700
2026-02-18,684.02,689.15,682.83,686.29,73570300
2026-02-19,683.84,686.18,681.55,684.48,58649400
2026-02-20,682.32,690.06,681.73,689.43,100034000
2026-02-23,687.83,690.0,680.37,682.39,90558100
2026-02-24,681.9,688.35,680.0,687.35,73798700
2026-02-25,690.18,693.68,690.1,693.15,56369500
2026-02-26,693.28,693.3,684.35,689.3,71671000
2026-02-27,683.09,686.86,681.64,685.99,83308900
2026-03-02,678.7,688.62,678.02,686.38,87477200
2026-03-03,675.06,682.61,669.66,680.33,105003100
2026-03-04,681.63,687.09,679.62,685.13,79182200
2026-03-05,682.08,685.53,675.61,681.31,106606500
2026-03-06,673.41,676.11,669.76,672.38,100687000
2026-03-09,666.39,679.92,662.39,678.27,102667700
2026-03-10,677.72,683.36,674.76,677.18,81505300
2026-03-11,677.58,680.08,673.34,676.33,68441700
2026-03-12,671.16,671.65,665.87,666.06,108882200
2026-03-13,669.27,672.34,661.36,662.29,97200200
2026-03-16,668.38,672.07,667.12,669.03,82023100
2026-03-17,672.39,674.44,669.7,670.79,87128000
2026-03-18,668.36,669.72,661.19,661.43,82062600
2026-03-19,656.97,662.98,655.17,659.8,111272500
2026-03-20,656.51,656.69,644.72,648.57,163617500
2026-03-23,658.07,662.62,653.94,655.38,134802700
2026-03-24,651.32,657.03,649.88,653.18,96457500
2026-03-25,658.67,660.89,654.24,656.82,90653800
2026-03-26,652.06,654.85,644.82,645.09,96494400
2026-03-27,642.5,642.66,633.11,634.09,103649400
2026-03-30,640.11,640.37,629.28,631.97,99275900
2026-03-31,638.94,651.54,637.98,650.34,152534100
2026-04-01,653.9,658.52,653.0,655.24,97841500
2026-04-02,646.42,658.2,645.11,655.83,68358700
2026-04-06,655.86,659.72,655.52,658.93,39105800
2026-04-07,656.65,659.61,651.06,659.22,69980400
2026-04-08,676.39,677.08,671.46,676.01,93606100
2026-04-09,674.84,681.16,673.77,679.91,57134400
2026-04-10,681.32,682.03,678.45,679.46,42253500
2026-04-13,677.41,686.3,676.58,686.1,54185800
2026-04-14,687.69,694.58,687.66,694.46,63480500
2026-04-15,695.26,700.28,694.2,699.94,58240400
2026-04-16,701.06,702.78,698.53,701.66,49972400
2026-04-17,706.14,712.39,705.76,710.14,70661900
2026-04-20,708.78,709.91,706.14,708.72,43546800
2026-04-21,710.28,711.28,702.64,704.08,58941400
2026-04-22,709.15,711.45,708.22,711.21,42518500
2026-04-23,709.5,712.36,702.28,708.45,56174000
2026-04-24,710.75,714.47,709.01,713.94,45182000
2026-04-27,713.17,715.63,712.3,715.17,33135900
2026-04-28,711.82,712.88,709.25,711.69,43117400
2026-04-29,711.0,712.2,708.37,711.58,41859200
2026-04-30,714.63,719.79,710.45,718.66,67240900
2026-05-01,721.25,724.87,720.47,720.65,43049800
2026-05-04,720.07,722.12,714.99,718.01,51950600
2026-05-05,721.77,725.04,721.49,723.77,36933200
2026-05-06,728.16,734.59,727.82,733.83,53288900
2026-05-07,735.05,736.13,729.75,731.58,51724600
2026-05-08,734.93,738.08,734.57,737.62,47227100
2026-05-11,736.45,740.79,736.45,739.3,44024000
2026-05-12,736.89,738.84,731.83,738.18,54185300
2026-05-13,738.47,743.91,735.47,742.31,44200200
2026-05-14,743.65,749.53,743.56,748.17,45307600
2026-05-15,741.79,743.46,737.96,739.17,60410800
2026-05-18,739.83,741.42,733.39,738.65,47843900
2026-05-19,734.78,737.65,731.53,733.73,54255900
2026-05-20,735.71,741.87,733.89,741.25,45768000
2026-05-21,738.64,744.87,737.03,742.72,43332200
2026-05-22,746.24,748.94,744.48,745.64,41762000
2026-05-26,750.01,752.13,748.37,750.59,41123600
2026-05-27,750.88,751.38,748.22,750.46,42106300
2026-05-28,750.25,755.15,749.23,754.6,41562600
2026-05-29,755.9,758.08,754.69,756.48,55075700
2026-06-01,755.36,760.28,754.69,758.54,43634900
2026-06-02,757.03,760.4,756.75,759.57,31581900
2026-06-03,758.15,758.8,753.57,754.24,51402500
2026-06-04,752.1,758.31,751.47,757.09,49923000
2026-06-05,752.31,752.82,735.53,737.55,93989400
2026-06-08,743.36,745.34,738.19,739.22,49319100
2026-06-09,743.63,746.9,722.59,737.05,87683500
2026-06-10,733.39,738.38,725.33,725.43,60341300
2026-06-11,728.76,740.0,724.41,737.76,86330500
2026-06-12,740.71,744.44,735.03,741.75,57079500
2026-06-15,751.85,756.68,751.76,754.83,60176400
2026-06-16,754.55,755.44,749.88,750.33,67093100
2026-06-17,751.29,752.15,739.22,740.96,85945200
2026-06-18,747.76,748.23,743.86,746.74,80875700
2026-06-22,747.7,750.18,743.13,744.39,46628100
2026-06-23,733.81,739.63,732.3,733.58,66846800
2026-06-24,735.17,739.95,730.84,733.24,57439500
2026-06-25,738.91,739.37,729.6,734.3,53934400
2026-06-26,728.95,736.53,716.58,728.99,71034000
2026-06-29,736.53,741.56,732.09,741.0,58035200
2026-06-30,741.29,748.02,740.89,746.77,55626000
2026-07-01,745.0,749.44,742.38,745.76,47100900
2026-07-02,747.4,751.31,740.03,744.78,57447800
