Date,Open,High,Low,Close,Volume
2016-07-05,141.85,142.91,141.7,142.33,8840800
2016-07-06,142.79,143.0,141.96,142.56,14352800
2016-07-07,142.09,143.19,141.78,142.55,9676400
2016-07-08,142.92,143.62,142.36,143.6,10355300
2016-07-11,143.05,143.47,142.24,142.34,8099000
2016-07-12,140.42,140.86,139.64,140.0,15810600
2016-07-13,141.37,141.77,140.95,141.65,8181700
2016-07-14,139.28,139.84,139.09,139.59,10817000
2016-07-15,138.89,139.11,138.18,138.39,9958600
2016-07-18,139.07,139.26,137.73,138.26,5955900
2016-07-19,138.94,139.31,138.4,139.04,8073900
2016-07-20,138.23,138.51,137.91,138.28,6942500
2016-07-21,137.04,138.62,136.99,138.56,10398400
2016-07-22,137.93,139.24,137.87,138.8,5811400
2016-07-25,138.94,139.26,138.59,138.7,4243800
2016-07-26,139.52,139.52,138.46,138.92,5243400
2016-07-27,139.55,140.65,139.4,140.65,8508100
2016-07-28,139.8,140.84,139.71,140.39,7336100
2016-07-29,140.45,141.68,140.22,141.56,8766700
2016-08-01,139.78,140.5,139.61,139.77,9809300
2016-08-02,137.83,139.26,137.5,138.33,10051200
2016-08-03,138.6,138.78,137.91,138.41,4930600
2016-08-04,139.46,140.16,139.27,139.45,5646000
2016-08-05,139.05,139.18,137.82,138.0,7778600
2016-08-08,137.6,138.54,137.32,138.26,5185200
2016-08-09,138.71,139.72,138.62,139.62,5503200
2016-08-10,139.9,140.51,139.47,140.16,5843500
2016-08-11,140.06,140.08,138.54,138.91,7624600
2016-08-12,140.41,140.86,139.87,140.08,7989600
2016-08-15,139.34,139.63,138.75,138.76,5108600
2016-08-16,138.98,139.15,138.23,138.39,6182700
2016-08-17,138.63,139.44,138.5,139.22,5002000
2016-08-18,139.2,139.76,138.79,139.44,3805200
2016-08-19,138.64,139.05,138.1,138.71,5516300
2016-08-22,139.65,140.14,139.37,139.88,5549700
2016-08-23,140.27,140.59,139.67,140.03,6841400
2016-08-24,140.1,140.19,139.39,139.7,6027800
2016-08-25,139.26,139.78,138.96,139.17,5855500
2016-08-26,139.73,140.69,138.22,138.36,12962500
2016-08-29,139.38,140.35,139.21,140.21,7310400
2016-08-30,140.17,140.26,139.67,139.67,5161800
2016-08-31,139.66,140.17,139.34,139.87,7349700
2016-09-01,138.62,140.1,138.57,139.77,9149100
2016-09-02,138.96,139.05,138.17,138.63,8397000
2016-09-06,138.71,140.08,138.51,139.64,8542600
2016-09-07,140.37,140.42,139.54,139.54,5421800
2016-09-08,138.86,139.27,137.26,137.79,14301500
2016-09-09,136.07,136.12,135.41,135.52,13347700
2016-09-12,135.32,135.83,135.16,135.59,9096600
2016-09-13,135.87,136.0,133.36,134.05,15645400
2016-09-14,134.05,134.91,134.05,134.25,7037700
2016-09-15,133.61,134.05,133.03,133.67,9874500
2016-09-16,134.58,134.81,134.22,134.75,7507900
2016-09-19,134.52,134.87,134.25,134.31,7105900
2016-09-20,135.15,135.58,134.67,134.78,6054800
2016-09-21,134.6,135.89,134.18,135.87,10698100
2016-09-22,136.67,137.29,136.5,136.95,12426200
2016-09-23,137.03,137.34,136.71,136.82,5928800
2016-09-26,137.07,137.83,137.02,137.69,8661300
2016-09-27,138.59,138.8,137.95,138.7,9450400
2016-09-28,138.5,139.15,138.22,138.4,7958700
2016-09-29,137.56,139.07,137.45,138.75,8319800
2016-09-30,138.55,138.64,136.87,137.51,11747100
2016-10-03,137.68,137.77,136.76,136.81,7588800
2016-10-04,136.62,136.84,135.16,135.21,12048700
2016-10-05,135.02,135.08,134.12,134.58,8917700
2016-10-06,133.97,134.69,133.68,133.83,7839900
2016-10-07,133.93,134.29,133.09,133.92,9953200
2016-10-10,132.85,133.16,132.51,133.13,6089100
2016-10-11,132.86,133.55,132.57,132.83,9670400
2016-10-12,132.67,133.02,132.24,132.96,7582400
2016-10-13,133.64,133.93,133.37,133.46,7080600
2016-10-14,132.27,132.95,131.53,131.59,11415100
2016-10-17,132.1,132.74,132.09,132.43,10595900
2016-10-18,131.86,132.89,131.83,132.86,7151000
2016-10-19,132.37,133.27,132.32,132.97,6941300
2016-10-20,133.64,133.75,132.9,133.11,6082300
2016-10-21,133.52,133.72,132.87,133.31,9222700
2016-10-24,133.41,133.45,132.29,132.73,6507500
2016-10-25,132.53,133.56,132.49,133.08,5134700
2016-10-26,132.46,132.8,131.99,132.18,5842500
2016-10-27,131.07,131.07,130.06,130.74,10044700
2016-10-28,130.39,130.93,130.33,130.45,7541000
2016-10-31,130.89,131.29,130.71,131.25,7047500
2016-11-01,130.16,131.6,129.88,131.01,12622400
2016-11-02,131.3,132.11,131.03,131.58,8666200
2016-11-03,130.75,131.05,130.44,130.57,6085400
2016-11-04,131.27,131.79,131.13,131.74,7622600
2016-11-07,130.75,131.0,130.44,130.62,5386700
2016-11-08,131.02,131.21,129.71,130.09,7576500
2016-11-09,127.22,127.37,124.22,124.57,31233500
2016-11-10,123.97,124.96,122.72,122.73,22961200
2016-11-11,122.96,123.05,121.65,122.04,10040200
2016-11-14,121.28,122.66,120.73,121.31,21174400
2016-11-15,122.22,122.81,121.78,121.91,11963700
2016-11-16,122.3,123.14,122.17,123.01,9149500
2016-11-17,121.95,122.11,120.99,121.2,11221600
2016-11-18,121.63,121.97,120.34,120.85,13577700
2016-11-21,121.21,121.48,120.89,121.15,6488100
2016-11-22,121.66,121.76,120.88,121.11,9989900
2016-11-23,119.99,120.91,119.25,120.64,13563500
2016-11-25,121.19,121.29,120.4,120.82,3126300
2016-11-28,121.41,121.73,121.09,121.71,8555000
2016-11-29,121.44,122.4,121.21,122.22,8363000
2016-11-30,119.97,121.01,119.48,120.24,21163500
2016-12-01,118.51,118.99,117.64,118.73,21715700
2016-12-02,119.17,120.21,119.14,119.6,12487500
2016-12-05,118.93,120.4,118.45,119.47,12100100
2016-12-06,119.34,119.94,119.12,119.38,11526600
2016-12-07,119.82,120.62,119.82,120.4,10392200
2016-12-08,119.15,119.31,118.78,118.98,12041100
2016-12-09,118.64,118.86,117.28,117.5,14646400
2016-12-12,117.27,117.8,116.88,117.72,9496300
2016-12-13,118.4,118.49,117.44,118.14,12189200
2016-12-14,119.08,119.21,116.8,116.82,16618400
2016-12-15,117.56,118.29,117.03,117.41,12400500
2016-12-16,117.61,117.92,116.8,117.14,14924600
2016-12-19,117.98,118.58,117.74,118.4,10868300
2016-12-20,117.63,117.9,117.38,117.81,7030600
2016-12-21,117.92,118.4,117.73,118.33,4624700
2016-12-22,117.53,118.0,117.5,117.81,5177800
2016-12-23,118.24,118.39,117.95,118.05,4461600
2016-12-27,117.42,117.7,117.23,117.67,5276600
2016-12-28,117.86,118.88,117.7,118.53,7578600
2016-12-29,118.8,119.27,118.66,118.95,8581400
2016-12-30,118.78,119.65,118.72,119.13,10613900
2017-01-03,118.41,119.99,118.18,119.64,13217300
2017-01-04,119.76,120.24,119.45,120.1,6699600
2017-01-05,120.45,122.03,120.17,121.98,13265800
2017-01-06,121.13,121.54,120.75,120.86,8369300
2017-01-09,121.88,122.0,121.46,121.83,8839100
2017-01-10,121.55,121.91,121.28,121.75,8417900
2017-01-11,121.94,122.69,121.41,122.16,9402500
2017-01-12,122.8,123.14,121.83,121.89,9977600
2017-01-13,121.33,121.75,120.62,121.31,9820000
2017-01-17,122.81,122.94,121.99,122.58,7853300
2017-01-18,121.77,121.96,120.91,121.01,9064700
2017-01-19,120.49,120.58,119.55,120.18,11795600
2017-01-20,119.84,120.31,119.29,119.94,16953200
2017-01-23,120.34,121.87,120.02,121.14,13118400
2017-01-24,120.77,121.13,119.8,120.31,8395000
2017-01-25,119.28,119.6,118.56,118.8,11115100
2017-01-26,118.91,119.26,118.33,119.2,7827900
2017-01-27,119.4,119.83,119.25,119.63,7197800
2017-01-30,119.44,119.88,119.2,119.27,6569500
2017-01-31,119.33,120.4,119.25,120.1,13298500
2017-02-01,119.1,119.53,118.58,119.1,10975500
2017-02-02,119.93,120.14,119.0,119.05,6978600
2017-02-03,119.44,119.87,118.47,119.0,10275600
2017-02-06,119.76,120.13,119.12,119.72,8433800
2017-02-07,119.78,121.01,119.47,120.6,8418400
2017-02-08,121.42,122.27,121.41,122.24,15734200
2017-02-09,121.41,121.59,120.66,120.83,16890600
2017-02-10,120.11,120.95,120.11,120.76,7978500
2017-02-13,120.25,120.41,119.88,120.38,11536800
2017-02-14,120.24,120.3,118.83,119.51,13210500
2017-02-15,118.76,119.22,118.65,118.96,8481000
2017-02-16,119.22,120.21,119.12,119.61,10005800
2017-02-17,120.61,120.7,120.13,120.32,7886400
2017-02-21,119.68,120.61,119.6,120.11,8703800
2017-02-22,120.8,120.82,119.59,120.31,8101500
2017-02-23,120.57,120.74,120.33,120.67,5330800
2017-02-24,121.35,122.14,121.26,122.01,11336000
2017-02-27,121.81,121.9,121.23,121.29,11039800
2017-02-28,121.5,122.08,121.32,121.74,8410500
2017-03-01,119.44,119.55,118.95,119.47,10717100
2017-03-02,119.01,119.21,118.62,119.04,8201200
2017-03-03,119.23,119.35,118.55,119.35,9515200
2017-03-06,119.12,119.12,118.52,118.78,4489200
2017-03-07,118.48,118.68,118.25,118.42,7080100
2017-03-08,117.31,117.95,117.23,117.78,11336300
2017-03-09,117.34,117.48,116.77,116.84,10575400
2017-03-10,117.14,117.32,116.68,117.25,9218500
2017-03-13,116.83,117.09,116.49,116.51,6993100
2017-03-14,116.77,117.35,116.71,117.07,9869200
2017-03-15,117.56,118.83,117.43,118.5,14600500
2017-03-16,117.99,118.15,117.63,117.9,8018200
2017-03-17,118.11,118.75,118.03,118.64,7266800
2017-03-20,118.55,119.23,118.5,119.15,5497800
2017-03-21,119.05,120.3,119.02,120.14,12540700
2017-03-22,120.72,121.17,120.43,120.62,11661400
2017-03-23,120.83,121.02,120.06,120.45,6746500
2017-03-24,120.53,121.1,120.4,120.88,5819600
2017-03-27,121.83,121.97,121.19,121.43,6878500
2017-03-28,121.79,121.82,120.49,120.62,6811200
2017-03-29,120.94,121.38,120.88,121.34,6291000
2017-03-30,121.07,121.09,120.32,120.36,7042400
2017-03-31,120.28,120.81,120.21,120.71,5144800
2017-04-03,120.45,121.87,120.4,121.67,12996500
2017-04-04,121.37,121.59,120.95,121.01,6976700
2017-04-05,120.56,121.52,120.36,121.38,8555200
2017-04-06,121.24,121.41,120.52,121.2,6497000
2017-04-07,121.84,122.25,120.69,120.71,10270000
2017-04-10,121.14,121.62,121.0,121.27,5314500
2017-04-11,121.8,122.65,121.72,122.42,11297400
2017-04-12,122.51,123.19,122.29,123.09,11532500
2017-04-13,123.45,123.74,122.91,123.47,8396700
2017-04-17,123.46,123.55,122.86,123.09,8015000
2017-04-18,123.86,124.98,123.55,124.7,11529700
2017-04-19,124.1,124.17,123.7,124.02,7344000
2017-04-20,123.52,123.92,123.14,123.54,7932900
2017-04-21,123.82,124.24,123.49,123.54,9798500
2017-04-24,122.55,123.16,122.46,122.93,8066400
2017-04-25,122.21,122.46,121.38,121.45,8122300
2017-04-26,121.52,122.14,121.43,122.12,5766200
2017-04-27,121.75,122.35,121.58,122.08,4978300
2017-04-28,121.6,122.44,121.55,122.35,8166300
2017-05-01,121.69,122.14,120.71,121.08,8795900
2017-05-02,120.97,121.78,120.94,121.7,6727800
2017-05-03,122.22,122.39,121.55,121.78,8932900
2017-05-04,121.01,121.22,120.67,121.18,9707200
2017-05-05,121.38,121.47,120.89,121.29,5605400
2017-05-08,121.11,121.14,120.53,120.63,8057800
2017-05-09,120.38,120.63,120.14,120.62,5536700
2017-05-10,120.91,121.06,120.16,120.48,6517000
2017-05-11,120.0,120.57,119.91,120.48,7479800
2017-05-12,121.01,121.49,120.98,121.39,7463900
2017-05-15,121.06,121.21,120.75,121.06,5173200
2017-05-16,121.11,121.89,121.11,121.51,6722700
2017-05-17,122.63,123.54,122.39,123.28,11236400
2017-05-18,123.75,123.94,123.19,123.42,8350500
2017-05-19,123.36,123.78,123.01,123.71,11277400
2017-05-22,123.41,123.56,123.26,123.37,4062900
2017-05-23,123.51,123.62,122.48,122.54,7901300
2017-05-24,122.8,123.26,122.54,123.23,7355200
2017-05-25,123.02,123.28,122.76,123.27,6464800
2017-05-26,123.55,123.74,123.25,123.48,2963800
2017-05-30,124.03,124.14,123.74,124.09,4819400
2017-05-31,124.05,124.65,124.03,124.4,8000200
2017-06-01,123.7,124.19,123.66,124.15,9037300
2017-06-02,125.22,125.77,125.05,125.62,13245000
2017-06-05,124.9,125.16,124.78,124.84,6775500
2017-06-06,125.69,125.87,125.4,125.52,12841500
2017-06-07,125.24,125.52,124.79,124.92,12852400
2017-06-08,124.88,124.88,124.3,124.59,8758600
2017-06-09,124.08,124.64,123.98,124.4,5130500
2017-06-12,124.21,124.99,124.14,124.36,4335800
2017-06-13,124.01,124.52,123.99,124.38,4742600
2017-06-14,125.92,126.71,125.73,126.3,20212300
2017-06-15,126.09,126.33,125.83,126.1,5863700
2017-06-16,126.08,126.44,126.01,126.35,6672500
2017-06-19,126.32,126.48,126.03,126.17,5641300
2017-06-20,126.79,127.4,126.79,127.3,8405700
2017-06-21,127.11,127.64,126.91,127.56,5914800
2017-06-22,127.71,127.87,127.31,127.84,6608100
2017-06-23,127.47,127.9,127.4,127.78,4329900
2017-06-26,128.27,128.57,128.16,128.26,5541600
2017-06-27,127.43,127.49,126.62,126.89,8354200
2017-06-28,126.67,126.71,125.98,126.47,7357900
2017-06-29,125.01,125.72,124.9,125.41,9115800
2017-06-30,125.19,125.39,124.85,125.12,10189800
2017-07-03,125.0,125.04,124.02,124.46,11021100
2017-07-05,124.2,124.65,124.12,124.49,11394500
2017-07-06,123.52,123.64,122.93,123.46,10853100
2017-07-07,122.84,123.03,122.59,122.72,9401800
2017-07-10,122.87,123.1,122.68,122.9,3859200
2017-07-11,122.86,123.33,122.71,123.11,4425600
2017-07-12,123.89,124.04,123.49,123.96,7839900
2017-07-13,123.6,123.65,122.81,123.18,7449300
2017-07-14,124.1,124.16,123.12,123.33,6566800
2017-07-17,123.33,123.99,123.27,123.67,4737300
2017-07-18,124.43,124.77,124.23,124.75,9163000
2017-07-19,124.78,125.01,124.59,124.8,5140900
2017-07-20,125.49,125.73,124.97,125.16,12239100
2017-07-21,125.73,126.03,125.57,125.69,6201500
2017-07-24,125.45,125.66,125.16,125.2,5378500
2017-07-25,124.14,124.19,123.47,123.57,9743300
2017-07-26,123.27,124.09,123.08,123.77,8459500
2017-07-27,123.11,123.38,122.82,123.16,6390800
2017-07-28,123.27,123.99,123.26,123.89,5491800
2017-07-31,123.46,124.05,123.4,124.04,5464600
2017-08-01,123.18,124.71,123.16,124.64,9676800
2017-08-02,124.77,125.17,124.68,124.71,5745600
2017-08-03,125.29,126.02,125.26,126.0,10324500
2017-08-04,125.15,125.18,124.44,124.93,8485500
2017-08-07,124.84,125.1,124.61,125.07,4684600
2017-08-08,124.87,124.98,124.15,124.62,6197400
2017-08-09,125.93,125.95,125.2,125.3,9221800
2017-08-10,125.62,126.44,125.52,126.37,10378200
2017-08-11,125.77,126.46,125.55,126.43,5717800
2017-08-14,125.99,126.28,125.73,125.78,5111000
2017-08-15,124.73,125.54,124.71,125.25,7473200
2017-08-16,124.83,126.02,124.81,125.71,5283800
2017-08-17,125.7,126.68,125.51,126.65,9364700
2017-08-18,126.98,127.15,126.26,126.62,8382500
2017-08-21,126.77,127.02,126.5,126.93,7669800
2017-08-22,126.79,126.81,126.27,126.44,6140700
2017-08-23,127.04,127.31,126.76,127.3,7446400
2017-08-24,126.88,127.31,126.72,126.83,5569400
2017-08-25,127.02,127.45,126.87,127.32,7303300
2017-08-28,126.92,127.39,126.73,127.24,4448500
2017-08-29,128.46,128.52,127.31,127.65,7659400
2017-08-30,127.46,127.74,127.34,127.61,4735200
2017-08-31,127.64,128.03,127.57,127.99,7978400
2017-09-01,127.31,127.34,126.43,126.75,14128600
2017-09-05,127.69,128.8,127.69,128.76,15215700
2017-09-06,128.72,129.0,127.74,127.97,9066400
2017-09-07,128.33,129.57,128.33,129.28,13618900
2017-09-08,129.11,129.16,128.57,129.0,9808500
2017-09-11,127.87,128.05,127.26,127.46,17856700
2017-09-12,127.05,127.09,126.53,126.79,7557400
2017-09-13,126.91,126.92,126.28,126.29,6740000
2017-09-14,126.37,126.83,126.33,126.81,6674500
2017-09-15,127.0,127.01,126.54,126.86,9769200
2017-09-18,126.5,126.57,125.84,126.13,6863000
2017-09-19,126.28,126.31,125.73,125.82,5554900
2017-09-20,125.97,126.05,125.33,125.91,8037000
2017-09-21,126.16,126.56,125.82,125.84,6147800
2017-09-22,126.5,126.73,126.06,126.2,5660700
2017-09-25,126.32,127.27,126.2,126.99,9679000
2017-09-26,126.77,126.89,126.43,126.76,7251900
2017-09-27,124.87,125.3,124.61,124.85,12145700
2017-09-28,124.21,124.65,123.97,124.48,8883700
2017-09-29,124.76,125.03,124.27,124.76,11285500
2017-10-02,124.81,125.0,124.24,124.28,7860700
2017-10-03,123.92,124.51,123.92,124.4,6219800
2017-10-04,124.53,124.59,123.88,124.41,7447000
2017-10-05,124.27,124.3,123.69,123.94,8180300
2017-10-06,123.29,124.1,123.03,123.59,10375000
2017-10-09,123.78,124.06,123.64,123.98,3590900
2017-10-10,124.14,124.87,124.02,124.18,6666800
2017-10-11,124.57,124.66,124.26,124.42,4385900
2017-10-12,124.55,124.98,124.24,124.95,7141600
2017-10-13,125.58,125.94,125.17,125.85,7746900
2017-10-16,125.53,125.9,125.38,125.76,5737300
2017-10-17,125.39,126.09,125.39,125.92,4969600
2017-10-18,125.05,125.18,124.68,125.09,5943800
2017-10-19,125.74,126.01,125.27,125.31,8966500
2017-10-20,124.0,124.28,123.64,123.98,12326900
2017-10-23,124.16,124.49,124.02,124.2,6871100
2017-10-24,123.37,123.69,123.15,123.43,6842800
2017-10-25,122.53,122.98,122.42,122.84,9961400
2017-10-26,123.06,123.06,122.43,122.43,8179400
2017-10-27,122.94,123.33,122.75,123.24,10480900
2017-10-30,123.86,124.46,123.56,124.42,9051600
2017-10-31,124.53,124.66,124.4,124.46,4424300
2017-11-01,124.35,125.14,124.3,124.75,8940400
2017-11-02,125.0,125.52,124.92,125.3,7222700
2017-11-03,125.47,125.7,125.14,125.64,10984100
2017-11-06,125.93,126.22,125.72,126.11,6246700
2017-11-07,126.23,126.78,126.13,126.64,6422700
2017-11-08,126.59,126.8,126.21,126.36,3356200
2017-11-09,125.87,126.24,125.55,126.0,6280400
2017-11-10,124.71,124.84,123.96,124.1,11981000
2017-11-13,124.8,124.81,124.31,124.36,5880800
2017-11-14,124.77,125.24,124.77,125.2,6195900
2017-11-15,126.06,126.67,125.64,126.56,9568200
2017-11-16,126.01,126.33,125.45,125.46,5894900
2017-11-17,126.07,126.44,125.96,126.39,6938800
2017-11-20,125.91,126.38,125.91,126.34,4232300
2017-11-21,127.09,127.29,126.31,126.74,5818400
2017-11-22,126.62,127.2,126.51,127.15,4140700
2017-11-24,126.93,127.03,126.69,126.8,3141400
2017-11-27,126.86,127.05,126.42,126.62,6079900
2017-11-28,126.77,127.18,126.47,126.79,5983000
2017-11-29,125.56,125.68,125.1,125.54,14547100
2017-11-30,125.31,125.52,124.44,125.12,9630000
2017-12-01,125.87,127.69,125.1,126.55,24583100
2017-12-04,125.92,126.67,125.81,126.61,9609200
2017-12-05,126.47,127.5,126.45,127.24,10958900
2017-12-06,127.87,128.23,127.66,127.68,11834200
2017-12-07,127.93,128.1,126.3,126.68,13056800
2017-12-08,126.59,126.74,126.24,126.69,4786100
2017-12-11,126.86,127.09,126.41,126.43,3863800
2017-12-12,126.17,126.41,125.67,126.38,7502400
2017-12-13,126.81,127.39,126.59,127.33,8532900
2017-12-14,127.05,127.98,126.79,127.87,6885000
2017-12-15,127.81,128.59,127.56,128.35,7239400
2017-12-18,127.97,128.0,126.91,127.18,7239700
2017-12-19,126.32,126.38,125.07,125.53,11045800
2017-12-20,124.31,124.71,123.95,124.14,10005800
2017-12-21,124.03,124.86,124.0,124.6,7026900
2017-12-22,124.7,124.84,124.53,124.77,3974300
2017-12-26,124.98,125.53,124.97,125.14,3168400
2017-12-27,125.71,126.98,125.7,126.77,9059700
2017-12-28,126.53,126.83,126.37,126.66,5297100
2017-12-29,126.5,127.12,126.48,126.86,7580500
2018-01-02,126.49,126.51,125.07,125.49,16238200
2018-01-03,126.0,126.2,125.49,126.09,8605100
2018-01-04,125.65,126.16,125.37,126.07,9217900
2018-01-05,125.87,126.18,125.36,125.71,10915400
2018-01-08,125.99,126.03,125.17,125.63,8850600
2018-01-09,124.81,124.83,123.81,123.95,16226400
2018-01-10,122.81,123.93,122.66,123.8,14302600
2018-01-11,123.51,124.59,123.31,124.31,12511000
2018-01-12,124.1,124.79,123.91,124.52,9987100
2018-01-16,125.17,125.28,124.56,125.04,9125900
2018-01-17,125.08,125.64,124.6,124.87,8327000
2018-01-18,123.93,124.27,123.54,123.71,10843900
2018-01-19,123.4,123.56,122.98,123.06,11374300
2018-01-22,123.45,123.71,122.99,123.18,8984700
2018-01-23,123.81,124.2,123.24,123.71,12325700
2018-01-24,122.85,123.13,122.54,123.04,9038900
2018-01-25,123.16,124.15,122.8,124.05,12173300
2018-01-26,123.88,123.91,123.1,123.59,6462900
2018-01-29,122.97,122.97,122.3,122.73,12223000
2018-01-30,122.28,122.37,121.7,122.01,12064400
2018-01-31,122.87,122.93,121.94,122.73,18045100
2018-02-01,122.48,122.53,120.63,120.7,18632800
2018-02-02,120.15,120.26,119.24,119.58,23944400
2018-02-05,119.17,121.82,118.64,120.71,28606200
2018-02-06,120.42,120.87,119.72,119.96,10935400
2018-02-07,120.13,120.33,118.56,118.82,16271100
2018-02-08,118.01,119.18,117.85,118.69,15155100
2018-02-09,118.11,119.09,117.79,117.94,15661600
2018-02-12,118.56,119.3,118.19,118.46,10944600
2018-02-13,118.61,119.01,118.39,118.99,8157600
2018-02-14,118.46,118.54,117.47,117.67,12043300
2018-02-15,118.19,118.8,117.99,118.07,8222400
2018-02-16,119.04,119.21,118.34,118.71,8454100
2018-02-20,118.28,118.51,117.78,118.19,8268800
2018-02-21,118.24,118.29,116.51,116.74,12054300
2018-02-22,117.24,117.66,117.0,117.09,9317900
2018-02-23,117.88,118.31,117.72,118.13,9072900
2018-02-26,118.68,118.91,118.04,118.17,8771600
2018-02-27,118.52,118.66,117.26,118.0,12525700
2018-02-28,118.47,118.83,118.25,118.75,9311600
2018-03-01,118.43,119.62,118.15,119.32,12287700
2018-03-02,118.85,118.93,118.12,118.35,10064300
2018-03-05,118.75,118.8,117.63,118.03,5658200
2018-03-06,118.36,118.68,118.12,118.14,5452000
2018-03-07,118.57,118.68,117.96,118.01,4461800
2018-03-08,118.31,118.99,118.26,118.69,7086700
2018-03-09,117.99,118.27,117.59,117.91,6570400
2018-03-12,118.31,118.66,118.19,118.59,5801300
2018-03-13,118.31,119.37,118.19,119.19,7455300
2018-03-14,119.4,120.4,119.37,120.24,10175000
2018-03-15,120.17,120.49,119.93,120.24,6757900
2018-03-16,119.8,120.01,119.55,119.81,6084300
2018-03-19,119.21,119.97,119.2,119.43,8491200
2018-03-20,118.91,119.22,118.83,118.95,5446000
2018-03-21,118.66,119.42,118.11,119.08,9742400
2018-03-22,120.31,120.82,119.67,120.26,12136600
2018-03-23,119.68,120.31,119.62,120.17,7250400
2018-03-26,120.0,120.45,119.67,119.71,8237900
2018-03-27,119.83,121.12,119.81,120.99,9168500
2018-03-28,121.45,121.64,120.95,121.31,7412500
2018-03-29,121.54,122.29,121.51,121.9,9694300
2018-04-02,121.35,122.36,121.16,121.88,12036500
2018-04-03,121.36,121.48,120.83,120.94,9855000
2018-04-04,121.35,121.46,120.6,120.69,6654300
2018-04-05,120.1,120.27,119.77,119.79,7603700
2018-04-06,120.66,121.15,120.22,121.1,8831200
2018-04-09,120.64,121.3,120.35,121.3,6307500
2018-04-10,121.2,121.38,120.78,121.08,6046000
2018-04-11,121.85,121.89,121.27,121.51,5901300
2018-04-12,121.04,121.07,120.41,120.62,6622800
2018-04-13,120.52,121.13,120.5,120.9,4964000
2018-04-16,120.23,120.97,120.18,120.94,4491300
2018-04-17,120.92,121.58,120.82,121.27,5590400
2018-04-18,121.29,121.34,120.28,120.3,8138400
2018-04-19,119.42,119.53,118.81,119.32,9875800
2018-04-20,118.89,119.13,118.43,118.46,7579400
2018-04-23,118.33,118.62,118.08,118.49,7073200
2018-04-24,118.21,118.45,117.76,117.95,8190800
2018-04-25,117.41,117.65,116.94,117.16,6603800
2018-04-26,117.73,118.13,117.59,117.98,6528600
2018-04-27,118.47,118.95,118.44,118.89,5401800
2018-04-30,119.08,119.56,118.94,119.1,8321100
2018-05-01,118.77,118.84,118.23,118.41,7979200
2018-05-02,118.64,118.87,118.26,118.28,4644000
2018-05-03,118.84,119.31,118.68,118.81,6345300
2018-05-04,119.23,119.23,118.49,118.99,4283500
2018-05-07,118.97,119.02,118.74,118.8,3647800
2018-05-08,118.55,119.0,118.3,118.69,6091200
2018-05-09,118.12,118.42,117.98,117.98,7832500
2018-05-10,118.55,118.98,118.35,118.93,7101500
2018-05-11,119.32,119.36,118.82,119.23,4273400
2018-05-14,118.8,118.99,118.59,118.6,4996200
2018-05-15,117.56,117.58,116.7,117.25,12901000
2018-05-16,117.42,117.53,116.79,116.8,6518000
2018-05-17,116.63,116.82,116.09,116.21,7330300
2018-05-18,116.51,117.29,116.51,117.21,9606500
2018-05-21,117.13,117.38,116.95,117.27,4448500
2018-05-22,117.29,117.35,116.85,117.09,4700700
2018-05-23,117.75,118.11,117.66,117.94,9634000
2018-05-24,118.69,119.06,118.64,118.88,8204100
2018-05-25,119.56,119.84,119.47,119.62,8482800
2018-05-29,120.79,122.52,120.43,122.24,21668100
2018-05-30,121.0,121.48,120.74,121.42,11616300
2018-05-31,121.56,121.98,120.95,121.22,10769900
2018-06-01,120.17,120.71,119.85,120.3,8718800
2018-06-04,120.11,120.14,119.37,119.43,7156500
2018-06-05,119.96,120.16,119.62,119.71,5635900
2018-06-06,119.08,119.1,118.42,118.74,7813300
2018-06-07,118.69,120.49,118.68,119.89,13238300
2018-06-08,119.56,119.85,119.44,119.53,6790600
2018-06-11,119.07,119.39,118.94,119.31,6844200
2018-06-12,118.93,119.46,118.89,119.34,6048200
2018-06-13,119.45,119.64,118.63,119.28,8834700
2018-06-14,119.78,120.3,119.48,120.27,10078800
2018-06-15,120.83,121.09,120.3,120.38,7992800
2018-06-18,120.48,120.56,120.04,120.27,4893700
2018-06-19,120.97,121.23,120.7,120.97,6133300
2018-06-20,120.77,120.79,119.9,119.91,6879100
2018-06-21,120.36,120.75,120.22,120.54,7235800
2018-06-22,120.09,120.62,120.06,120.53,4082500
2018-06-25,120.66,121.11,120.64,120.8,8363700
2018-06-26,120.77,121.03,120.66,120.97,5450000
2018-06-27,121.75,122.18,121.55,122.11,8173400
2018-06-28,122.13,122.25,121.83,122.14,7109500
2018-06-29,122.17,122.5,121.65,121.72,11164700
2018-07-02,121.74,121.75,121.29,121.35,9662000
2018-07-03,121.53,122.03,121.53,122.0,3808800
2018-07-05,122.06,122.53,122.01,122.35,3860400
2018-07-06,122.75,122.92,122.48,122.75,4679900
2018-07-09,122.07,122.21,121.9,121.96,5952700
2018-07-10,121.87,122.13,121.81,121.95,5759700
2018-07-11,122.45,122.55,122.09,122.42,6869100
2018-07-12,122.17,122.47,122.14,122.41,4824700
2018-07-13,122.61,122.87,122.47,122.72,4079000
2018-07-16,122.21,122.29,121.64,122.21,5517100
2018-07-17,122.29,122.39,121.9,121.98,3764300
2018-07-18,122.02,122.04,121.39,121.49,6330000
2018-07-19,121.8,122.45,121.77,122.26,6166700
2018-07-20,121.58,121.59,120.7,120.76,10469500
2018-07-23,120.38,120.38,119.18,119.27,11571800
2018-07-24,119.28,119.82,119.14,119.68,9053500
2018-07-25,120.02,120.26,119.26,119.49,7357900
2018-07-26,119.71,119.88,119.16,119.26,6821100
2018-07-27,119.85,119.87,119.4,119.46,4542000
2018-07-30,118.99,119.41,118.97,119.05,7111200
2018-07-31,119.79,119.86,119.56,119.7,6797400
2018-08-01,118.29,118.84,118.07,118.46,13312600
2018-08-02,118.62,118.74,118.3,118.63,4451100
2018-08-03,118.83,119.29,118.81,119.22,6162400
2018-08-06,119.54,119.84,119.27,119.29,4200200
2018-08-07,119.03,119.1,118.57,118.67,5346900
2018-08-08,118.66,119.03,118.61,118.79,5640900
2018-08-09,119.23,119.83,119.12,119.79,7144100
2018-08-10,120.37,121.05,120.28,120.66,8457900
2018-08-13,120.25,120.7,120.21,120.41,7923200
2018-08-14,120.54,120.56,120.03,120.14,4251200
2018-08-15,120.66,121.13,120.57,120.84,7649800
2018-08-16,120.81,120.93,120.28,120.83,5400400
2018-08-17,121.09,121.39,120.75,120.98,3537600
2018-08-20,121.64,121.91,121.54,121.79,5603700
2018-08-21,121.37,121.53,121.07,121.38,4695000
2018-08-22,122.0,122.05,121.58,121.86,5309600
2018-08-23,122.0,122.13,121.78,122.05,5328700
2018-08-24,121.62,122.33,121.49,122.29,6092200
2018-08-27,121.78,121.87,121.52,121.59,6407400
2018-08-28,121.0,121.09,120.68,120.86,4929300
2018-08-29,120.94,121.15,120.62,121.02,5613300
2018-08-30,121.31,121.46,121.08,121.28,5302900
2018-08-31,121.89,121.92,120.89,121.0,9677500
2018-09-04,119.96,120.1,119.75,120.03,18343600
2018-09-05,119.76,119.9,119.55,119.71,9422600
2018-09-06,119.76,120.4,119.69,120.15,9566000
2018-09-07,119.33,119.4,118.99,119.13,11212600
2018-09-10,119.17,119.6,119.17,119.57,6386400
2018-09-11,119.08,119.17,118.6,118.66,5440000
2018-09-12,119.05,119.17,118.9,118.94,3347200
2018-09-13,119.34,119.57,118.98,119.12,4833000
2018-09-14,118.41,118.91,118.3,118.55,5579500
2018-09-17,118.18,118.82,118.12,118.55,5433000
2018-09-18,118.06,118.07,117.16,117.31,10182300
2018-09-19,117.11,117.11,116.19,116.61,13379600
2018-09-20,116.58,117.3,116.47,117.15,8657300
2018-09-21,116.87,117.28,116.84,117.1,6173800
2018-09-24,116.74,117.27,116.72,116.8,5505500
2018-09-25,116.48,116.74,116.4,116.68,6650900
2018-09-26,116.93,117.58,116.66,117.5,9512700
2018-09-27,117.24,117.65,117.1,117.58,5758500
2018-09-28,117.85,117.91,117.22,117.27,12807700
2018-10-01,116.66,116.83,116.12,116.15,22442400
2018-10-02,116.67,117.13,116.6,116.86,8266900
2018-10-03,116.27,116.36,114.24,114.83,20829200
2018-10-04,114.13,114.39,113.71,114.02,16207400
2018-10-05,113.39,113.72,112.62,113.04,18096500
2018-10-08,112.99,113.11,112.64,112.66,5855900
2018-10-09,113.14,113.85,113.07,113.8,11530800
2018-10-10,113.14,113.58,112.79,113.49,15290100
2018-10-11,114.0,115.15,113.79,114.87,16086800
2018-10-12,114.39,115.01,114.28,114.47,6794100
2018-10-15,114.66,114.82,114.29,114.42,7146300
2018-10-16,114.39,114.72,114.16,114.68,4762300
2018-10-17,114.66,114.79,113.98,114.0,5880700
2018-10-18,113.62,114.39,113.55,113.96,5728800
2018-10-19,113.85,113.95,113.41,113.71,10892400
2018-10-22,113.95,114.08,113.53,113.56,3244200
2018-10-23,114.76,115.02,113.84,113.92,10330700
2018-10-24,114.36,114.82,114.24,114.78,16008000
2018-10-25,114.54,114.74,114.23,114.3,12613200
2018-10-26,114.93,115.32,114.79,114.99,18582500
2018-10-29,114.84,115.02,114.26,114.73,7679900
2018-10-30,114.26,114.54,114.02,114.16,9939500
2018-10-31,113.74,113.96,113.21,113.58,8706400
2018-11-01,112.85,113.56,112.84,113.41,6100200
2018-11-02,113.17,113.26,111.9,112.0,11314800
2018-11-05,112.48,112.71,112.35,112.44,4760200
2018-11-06,112.6,112.73,112.33,112.37,3159900
2018-11-07,113.19,113.4,112.41,112.52,9313100
2018-11-08,112.96,112.97,112.41,112.51,6905100
2018-11-09,112.75,113.5,112.72,113.35,6465300
2018-11-12,113.95,114.31,113.91,114.09,6840000
2018-11-13,113.71,114.02,113.48,114.02,6525800
2018-11-14,113.48,114.52,113.3,114.09,8690800
2018-11-15,114.44,114.54,113.68,114.04,7879600
2018-11-16,114.2,114.81,113.92,114.7,9236700
2018-11-19,114.41,115.02,114.41,115.02,7027200
2018-11-20,115.24,115.46,114.93,115.06,6332600
2018-11-21,114.89,115.09,114.54,115.02,4951100
2018-11-23,115.67,115.76,115.09,115.14,3027900
2018-11-26,114.86,115.06,114.78,114.88,6599000
2018-11-27,114.81,115.25,114.76,115.01,5967200
2018-11-28,114.85,115.02,114.36,114.45,7814000
2018-11-29,114.92,115.25,114.59,114.9,7295600
2018-11-30,115.31,115.42,114.98,115.33,9127800
2018-12-03,114.68,115.88,114.66,115.88,9763800
2018-12-04,116.81,118.67,116.63,117.82,18100500
2018-12-06,118.54,119.2,118.13,118.19,15319400
2018-12-07,117.81,118.53,117.52,118.41,8608400
2018-12-10,118.87,119.28,118.44,118.9,8777700
2018-12-11,118.97,119.38,118.61,118.88,8071900
2018-12-12,118.58,118.72,118.24,118.35,6182200
2018-12-13,118.46,118.58,117.98,118.07,5564200
2018-12-14,118.55,118.77,118.22,118.48,8169200
2018-12-17,118.59,119.3,118.58,119.17,9726800
2018-12-18,119.07,119.79,118.94,119.6,10018800
2018-12-19,120.11,121.66,119.92,121.18,23046300
2018-12-20,122.01,122.03,120.67,120.74,18543700
2018-12-21,121.14,121.21,120.39,120.72,9945100
2018-12-24,121.13,121.42,120.91,121.32,8377500
2018-12-26,120.99,121.39,119.97,120.02,11700400
2018-12-27,121.26,121.38,119.98,120.04,12146500
2018-12-28,120.4,121.05,120.29,121.05,9879100
2018-12-31,120.65,121.56,120.46,121.51,17409000
2019-01-02,121.66,122.16,121.34,122.15,19841500
2019-01-03,122.29,123.86,122.23,123.54,21187000
2019-01-04,122.34,122.56,121.65,122.11,12970200
2019-01-07,122.62,122.65,121.62,121.75,8498100
2019-01-08,121.69,121.94,121.39,121.43,7737100
2019-01-09,121.26,121.43,120.8,121.24,9349200
2019-01-10,121.28,121.41,120.34,120.46,8222900
2019-01-11,120.83,121.27,120.68,120.93,5786900
2019-01-14,120.9,121.01,120.24,120.48,6730500
2019-01-15,120.56,120.57,119.95,120.04,8997400
2019-01-16,119.59,120.39,119.51,120.16,6048400
2019-01-17,120.22,120.53,119.89,120.19,8153400
2019-01-18,119.84,120.12,119.39,119.56,14106400
2019-01-22,120.31,120.72,120.07,120.37,8881100
2019-01-23,119.88,120.62,119.83,120.32,5776800
2019-01-24,120.91,121.26,120.71,121.11,7121900
2019-01-25,120.59,120.75,120.32,120.53,6460800
2019-01-28,120.54,120.94,120.41,120.41,6435800
2019-01-29,120.53,121.04,120.39,121.02,5750100
2019-01-30,120.84,120.98,120.33,120.93,10571300
2019-01-31,121.55,122.18,121.5,121.97,11843400
2019-02-01,121.48,121.57,120.84,120.96,12024600
2019-02-04,120.44,120.55,120.02,120.42,8966200
2019-02-05,120.73,121.23,120.66,120.97,6983300
2019-02-06,121.36,121.41,120.73,121.03,5184000
2019-02-07,121.46,121.91,121.23,121.83,8781000
2019-02-08,122.26,122.47,122.07,122.35,5885400
2019-02-11,121.86,122.18,121.75,121.87,4352800
2019-02-12,121.66,121.75,121.2,121.56,7939600
2019-02-13,121.15,121.39,120.91,121.1,4757700
2019-02-14,122.14,122.2,121.58,121.79,5868900
2019-02-15,121.56,122.02,121.54,121.98,5527200
2019-02-19,122.42,122.54,121.95,122.29,5872800
2019-02-20,121.95,122.08,121.59,121.94,4455800
2019-02-21,121.07,121.16,120.7,120.85,7382500
2019-02-22,121.47,121.95,121.42,121.57,6374600
2019-02-25,121.17,121.3,120.92,121.21,6293500
2019-02-26,121.73,121.82,121.36,121.81,6028900
2019-02-27,121.12,121.13,120.28,120.43,7737300
2019-02-28,120.56,120.62,119.71,120.02,9533400
2019-03-01,119.33,119.53,118.64,118.66,13541100
2019-03-04,119.29,119.77,119.06,119.59,9808500
2019-03-05,119.28,119.87,119.27,119.84,5595200
2019-03-06,119.92,120.52,119.89,120.28,7766700
2019-03-07,120.64,121.26,120.61,121.06,8187200
2019-03-08,121.12,121.69,120.85,121.57,7517600
2019-03-11,121.4,121.42,120.98,121.21,5157800
2019-03-12,121.3,122.23,121.26,122.06,6422300
2019-03-13,121.66,121.96,121.62,121.83,4386300
2019-03-14,121.69,121.76,120.92,120.95,8188400
2019-03-15,121.74,121.95,121.4,121.75,4302000
2019-03-18,121.57,121.87,121.52,121.68,3893300
2019-03-19,121.09,121.62,120.89,121.41,5220200
2019-03-20,121.74,122.85,121.73,122.68,10123700
2019-03-21,122.96,123.09,122.74,122.95,7182600
2019-03-22,124.21,125.28,124.06,124.86,13077000
2019-03-25,124.81,125.94,124.51,125.06,9736300
2019-03-26,124.7,125.29,124.62,124.97,7502000
2019-03-27,125.42,126.34,125.31,126.12,14207200
2019-03-28,126.25,126.69,126.01,126.56,9143200
2019-03-29,125.68,126.47,125.64,126.44,10841400
2019-04-01,125.29,125.36,124.19,124.37,16501500
2019-04-02,124.48,124.74,124.25,124.6,9725000
2019-04-03,123.61,123.87,123.37,123.52,10407000
2019-04-04,123.6,123.89,123.44,123.87,7503400
2019-04-05,123.62,124.17,123.58,124.03,6321800
2019-04-08,123.83,123.95,123.52,123.59,4446400
2019-04-09,124.22,124.34,123.77,123.98,7020300
2019-04-10,124.27,124.52,124.1,124.28,7519900
2019-04-11,123.93,124.02,123.41,123.55,8679300
2019-04-12,122.89,123.06,122.63,122.67,7005500
2019-04-15,122.78,122.99,122.72,122.98,3070000
2019-04-16,122.51,122.63,122.14,122.21,8927300
2019-04-17,122.13,122.57,122.11,122.26,6118500
2019-04-18,122.81,123.1,122.78,122.9,27589400
2019-04-22,122.47,122.57,122.24,122.31,6241200
2019-04-23,122.61,122.7,122.39,122.57,6239700
2019-04-24,123.11,123.59,123.09,123.57,7302000
2019-04-25,123.49,123.62,123.1,123.39,5380900
2019-04-26,123.98,124.02,123.64,123.81,5950700
2019-04-29,123.23,123.35,122.85,123.02,10246000
2019-04-30,122.95,123.74,122.93,123.65,7957400
2019-05-01,123.69,124.45,123.6,123.9,14371900
2019-05-02,123.68,123.81,123.04,123.31,6612800
2019-05-03,123.66,123.88,123.37,123.66,6191700
2019-05-06,124.31,124.38,123.93,124.0,4482500
2019-05-07,124.53,125.14,124.39,124.95,8984900
2019-05-08,125.15,125.3,124.3,124.41,6907600
2019-05-09,125.11,125.3,124.31,124.92,9411900
2019-05-10,124.89,125.45,124.59,124.75,6037800
2019-05-13,125.4,125.93,125.25,125.73,10501600
2019-05-14,125.51,125.65,125.2,125.36,5690400
2019-05-15,126.21,126.27,125.77,126.13,9566300
2019-05-16,125.81,125.83,125.53,125.71,7666400
2019-05-17,126.28,126.3,125.69,125.99,4747100
2019-05-20,126.12,126.38,125.65,125.73,6043100
2019-05-21,125.6,125.72,125.3,125.53,4021800
2019-05-22,125.77,126.33,125.72,126.25,5675300
2019-05-23,126.89,128.09,126.88,127.67,9743700
2019-05-24,127.56,127.78,127.39,127.78,4981900
2019-05-28,128.27,128.9,128.09,128.7,8098600
2019-05-29,129.67,129.9,129.0,129.09,13260600
2019-05-30,129.33,130.23,128.89,130.2,13024800
2019-05-31,130.9,131.9,130.81,131.83,18933600
2019-06-03,131.91,132.58,131.55,132.44,17822400
2019-06-04,131.39,131.76,130.55,130.93,14250000
2019-06-05,130.52,130.95,130.12,130.19,8815200
2019-06-06,130.97,131.59,130.32,130.61,9621100
2019-06-07,131.79,132.07,131.44,131.74,11378500
2019-06-10,130.68,130.7,130.32,130.5,8288700
2019-06-11,130.42,130.76,130.32,130.58,5115100
2019-06-12,130.39,130.75,130.3,130.68,5278700
2019-06-13,130.8,131.25,130.79,131.13,5560400
2019-06-14,131.1,131.71,131.09,131.46,5838800
2019-06-17,131.39,131.76,131.13,131.69,6046400
2019-06-18,132.74,132.86,131.95,132.35,10320700
2019-06-19,131.86,132.72,131.58,132.54,11962500
2019-06-20,132.91,133.51,132.59,132.89,10721500
2019-06-21,132.51,132.53,131.38,131.43,14495000
2019-06-24,132.16,132.53,132.08,132.41,6378800
2019-06-25,132.79,133.09,132.72,132.82,9604600
2019-06-26,132.68,132.7,131.88,131.97,12766800
2019-06-27,132.31,133.09,131.99,132.9,9724200
2019-06-28,132.58,133.08,132.45,132.81,8149200
2019-07-01,132.57,132.75,131.59,132.24,14131200
2019-07-02,132.57,133.39,132.46,133.26,10494300
2019-07-03,133.52,134.29,133.51,134.21,5380300
2019-07-05,132.54,132.55,131.67,132.43,12180100
2019-07-08,133.05,133.22,132.61,132.61,6490000
2019-07-09,132.68,132.71,132.16,132.56,6215700
2019-07-10,132.35,132.44,131.51,131.83,9470000
2019-07-11,131.31,131.41,129.76,130.07,14126800
2019-07-12,129.92,130.45,129.68,130.22,6992000
2019-07-15,130.45,131.05,130.45,130.97,6055500
2019-07-16,130.17,130.6,129.96,130.58,6172700
2019-07-17,131.06,132.02,131.05,131.99,9662200
2019-07-18,131.47,132.32,131.24,132.0,5724900
2019-07-19,131.59,131.93,131.51,131.69,5804800
2019-07-22,132.47,132.49,131.74,131.94,5204100
2019-07-23,131.6,131.74,130.97,131.22,8108900
2019-07-24,131.6,131.9,131.47,131.79,6389700
2019-07-25,131.25,131.41,130.51,131.16,8893100
2019-07-26,131.7,131.78,131.25,131.47,6188400
2019-07-29,131.82,131.95,131.4,131.51,6231800
2019-07-30,132.0,132.1,131.43,131.83,5678500
2019-07-31,131.7,133.33,131.66,132.89,15798700
2019-08-01,133.39,135.39,133.26,135.26,26664800
2019-08-02,135.66,136.51,135.4,136.51,15143100
2019-08-05,138.14,138.89,137.66,138.87,18543000
2019-08-06,138.2,139.98,138.09,139.98,12747400
2019-08-07,142.4,143.06,139.78,140.03,32582000
2019-08-08,139.14,140.43,137.98,140.33,14746000
2019-08-09,140.67,141.55,139.87,140.05,10626000
2019-08-12,141.72,143.43,141.51,142.97,14094300
2019-08-13,143.81,143.91,141.95,142.48,15974900
2019-08-14,145.16,145.73,144.71,145.69,15068900
2019-08-15,145.95,148.6,145.58,147.31,23588700
2019-08-16,146.06,146.51,144.84,146.13,17150500
2019-08-19,143.57,144.66,143.51,144.04,13614700
2019-08-20,145.28,145.62,144.84,145.53,7451500
2019-08-21,144.72,145.79,144.29,144.56,9372000
2019-08-22,144.0,144.7,143.48,143.6,13878800
2019-08-23,143.52,146.27,143.43,145.96,16191800
2019-08-26,145.87,146.29,145.29,145.37,12174500
2019-08-27,146.63,147.72,146.48,147.61,11332300
2019-08-28,148.78,148.9,147.66,147.8,10095900
2019-08-29,147.25,147.34,146.13,147.24,8884900
2019-08-30,146.61,147.48,146.36,147.28,13550800
2019-09-03,147.09,148.67,146.57,147.21,15660800
2019-09-04,146.53,147.62,146.48,147.43,7962200
2019-09-05,145.66,145.8,143.89,144.76,19382900
2019-09-06,145.26,146.03,145.08,145.79,9466400
2019-09-09,143.83,144.0,143.19,143.2,15862700
2019-09-10,142.84,143.29,140.66,140.69,13851400
2019-09-11,140.4,141.15,140.39,140.44,10941700
2019-09-12,141.5,141.8,139.06,139.52,19163300
2019-09-13,138.28,138.71,136.54,136.54,18922200
2019-09-16,137.88,138.57,137.25,138.28,10971600
2019-09-17,138.36,139.6,138.02,139.03,9081200
2019-09-18,139.93,140.66,139.53,139.62,10984600
2019-09-19,140.76,140.99,139.97,140.04,13176200
2019-09-20,140.77,141.98,140.44,141.89,11519800
2019-09-23,142.24,143.16,141.7,141.86,15246700
2019-09-24,142.42,143.85,142.41,143.57,12421600
2019-09-25,143.26,143.55,141.14,141.47,14147100
2019-09-26,142.27,142.99,141.9,142.38,9636500
2019-09-27,142.32,142.98,142.14,142.73,10386900
2019-09-30,141.88,143.09,141.84,143.08,8006900
2019-10-01,141.26,143.91,141.14,143.26,16613700
2019-10-02,143.46,144.27,143.24,143.61,12891500
2019-10-03,143.98,145.67,143.92,144.92,13470500
2019-10-04,145.35,146.03,145.2,145.99,11516200
2019-10-07,145.16,145.53,144.71,144.78,11013900
2019-10-08,145.82,145.93,144.62,145.17,14529700
2019-10-09,144.6,144.61,143.8,144.35,8608800
2019-10-10,143.12,143.18,141.73,142.2,15054200
2019-10-11,140.98,141.1,139.71,140.44,26294000
2019-10-14,141.48,141.51,141.08,141.46,5936900
2019-10-15,140.67,140.95,139.55,139.75,11832300
2019-10-16,139.64,140.06,139.35,139.92,7729500
2019-10-17,139.52,140.38,139.3,139.58,6219300
2019-10-18,139.81,140.23,139.45,139.58,6456100
2019-10-21,138.57,138.99,138.23,138.53,8038000
2019-10-22,139.38,139.53,138.64,139.34,6683300
2019-10-23,140.03,140.31,139.36,139.48,5995400
2019-10-24,139.68,140.24,139.03,139.2,6161700
2019-10-25,139.53,139.55,138.31,138.52,5669800
2019-10-28,137.58,137.58,136.99,137.26,11402100
2019-10-29,137.62,137.74,137.17,137.35,5296600
2019-10-30,137.77,139.45,137.77,139.36,10914100
2019-10-31,140.48,141.68,140.43,141.24,15834100
2019-11-01,140.73,141.27,139.79,140.56,11425500
2019-11-04,138.97,139.14,138.53,138.71,11124300
2019-11-05,137.22,137.44,136.73,137.15,13493000
2019-11-06,138.02,138.41,137.34,137.98,9351900
2019-11-07,136.35,136.36,134.45,135.48,19209800
2019-11-08,135.15,135.95,134.78,134.91,10222900
2019-11-11,135.38,135.39,134.64,135.0,4577000
2019-11-12,135.28,135.95,134.79,135.62,5772900
2019-11-13,136.81,136.96,136.17,136.5,6672400
2019-11-14,137.8,138.44,137.67,137.91,10213300
2019-11-15,137.48,138.16,137.43,137.76,4657600
2019-11-18,138.21,138.61,137.93,138.01,5943900
2019-11-19,138.37,139.24,138.37,139.16,7893100
2019-11-20,139.91,140.6,139.77,140.6,7905500
2019-11-21,139.64,140.08,139.12,139.72,5980900
2019-11-22,140.1,140.28,139.68,139.9,4664800
2019-11-25,140.3,140.53,140.18,140.31,4157300
2019-11-26,141.0,141.31,140.94,141.13,4281100
2019-11-27,140.6,140.91,140.42,140.72,4095700
2019-11-29,140.62,140.68,139.78,140.42,6251100
2019-12-02,138.14,138.67,137.95,138.31,17702200
2019-12-03,140.04,141.77,139.93,141.21,13062400
2019-12-04,140.34,140.5,139.21,139.8,8586300
2019-12-05,138.66,139.44,138.6,139.12,7273800
2019-12-06,138.03,139.12,137.86,138.35,7931100
2019-12-09,138.99,139.11,138.57,138.65,4016900
2019-12-10,139.18,139.35,138.41,138.66,4947600
2019-12-11,139.3,140.14,139.23,139.75,6256700
2019-12-12,139.19,139.28,136.61,137.45,14857000
2019-12-13,138.12,139.61,137.23,139.04,11335100
2019-12-16,138.4,138.46,137.43,137.79,9156600
2019-12-17,138.21,138.34,137.21,137.6,6179700
2019-12-18,137.3,137.45,136.28,136.47,6244700
2019-12-19,136.0,136.86,135.76,136.47,6591100
2019-12-20,136.13,136.69,135.93,136.65,5455700
2019-12-23,136.81,136.97,136.0,136.45,5175000
2019-12-24,135.92,137.06,135.89,136.84,4667400
2019-12-26,136.91,137.22,136.51,137.17,5290200
2019-12-27,137.44,137.63,137.29,137.32,7300500
2019-12-30,135.89,136.9,135.66,136.82,7979700
2019-12-31,136.21,136.46,135.38,135.48,10707400
2020-01-02,136.79,137.53,136.67,137.01,11034100
2020-01-03,138.27,139.16,137.88,139.12,12366000
2020-01-06,139.69,139.71,138.15,138.33,11369800
2020-01-07,138.22,138.47,137.64,137.65,8381200
2020-01-08,137.93,138.31,136.32,136.74,10621700
2020-01-09,136.0,137.44,135.91,137.22,7411500
2020-01-10,137.67,138.47,137.63,138.44,8776000
2020-01-13,137.88,138.09,137.39,138.02,5966900
2020-01-14,138.18,138.82,138.14,138.73,13920300
2020-01-15,139.52,139.76,139.02,139.65,6290500
2020-01-16,139.26,139.53,138.74,139.21,6798600
2020-01-17,137.58,138.14,137.36,138.02,9693100
2020-01-21,138.81,139.65,138.77,139.47,6794900
2020-01-22,139.72,140.14,139.59,139.96,6317000
2020-01-23,140.85,141.38,140.78,140.94,9747400
2020-01-24,141.42,142.55,141.3,142.08,8585000
2020-01-27,143.95,144.29,143.5,144.29,10935200
2020-01-28,143.93,144.09,142.82,143.16,10612900
2020-01-29,143.44,144.7,143.43,144.56,9566800
2020-01-30,144.9,145.67,144.29,144.58,14711800
2020-01-31,145.17,145.99,145.09,145.9,14538100
2020-02-03,144.95,145.76,144.12,145.54,15309000
2020-02-04,143.99,144.14,143.06,143.58,11388300
2020-02-05,142.3,142.7,141.9,142.01,10782600
2020-02-06,142.18,142.88,142.0,142.65,6683100
2020-02-07,144.22,144.74,143.87,144.43,11374800
2020-02-10,145.1,145.25,144.68,144.83,6699300
2020-02-11,144.59,144.72,143.94,144.1,7784100
2020-02-12,143.37,143.55,142.99,143.37,5595500
2020-02-13,143.44,144.2,143.27,143.92,7883400
2020-02-14,144.76,145.08,144.45,144.55,7137400
2020-02-18,145.34,146.05,144.92,145.54,6909200
2020-02-19,145.12,145.62,144.98,145.53,5707700
2020-02-20,146.08,146.94,146.0,146.67,9332900
2020-02-21,147.8,148.88,147.65,148.04,13860300
2020-02-24,150.83,150.96,150.0,150.25,15929300
2020-02-25,150.21,151.76,150.14,151.05,20802900
2020-02-26,149.95,151.72,149.58,150.25,22589500
2020-02-27,152.7,153.08,150.83,151.88,30687900
2020-02-28,154.45,155.98,154.16,155.31,44935200
2020-03-02,155.3,156.5,153.76,153.94,28152400
2020-03-03,153.81,159.7,152.36,156.33,38608000
2020-03-04,156.41,157.35,154.19,154.67,23463700
2020-03-05,157.13,158.82,156.81,158.52,17786200
2020-03-06,167.3,169.33,164.11,166.77,76288300
2020-03-09,179.1,179.7,170.34,171.29,41552800
2020-03-10,169.64,172.93,162.03,162.51,37728300
2020-03-11,165.43,167.03,155.63,156.53,29519300
2020-03-12,163.51,166.36,155.66,157.5,24361800
2020-03-13,155.0,158.2,152.19,153.94,19812900
2020-03-16,160.38,166.15,157.81,163.91,30496700
2020-03-17,163.5,165.63,152.71,152.98,18570900
2020-03-18,152.84,154.14,139.01,144.35,47061000
2020-03-19,146.95,153.45,145.25,148.28,21175300
2020-03-20,153.3,159.43,152.11,159.43,20863100
2020-03-23,157.5,166.69,156.57,166.0,19971800
2020-03-24,161.25,165.45,160.41,162.91,11948600
2020-03-25,163.59,166.68,161.62,162.54,10750600
2020-03-26,164.0,165.68,162.27,163.34,10576200
2020-03-27,165.52,168.25,164.59,167.7,12550000
2020-03-30,168.3,170.11,165.94,166.32,13473200
2020-03-31,165.7,166.92,164.56,164.97,11464800
2020-04-01,168.48,168.96,166.4,167.04,11334700
2020-04-02,168.83,169.22,167.26,168.1,5771200
2020-04-03,168.55,170.33,168.14,168.5,6570800
2020-04-06,167.0,168.27,166.53,168.06,9434800
2020-04-07,164.96,166.42,163.71,166.3,13811400
2020-04-08,165.11,166.19,164.13,165.09,10147100
2020-04-09,164.28,165.79,163.78,165.39,14259100
2020-04-13,164.75,165.71,163.88,163.88,8750300
2020-04-14,163.84,164.74,163.48,163.84,9019100
2020-04-15,166.8,168.6,166.74,168.18,10027800
2020-04-16,169.26,170.32,169.02,170.09,8265400
2020-04-17,169.82,170.84,167.27,167.81,8612100
2020-04-20,168.44,169.29,167.96,169.16,6462600
2020-04-21,171.93,172.15,170.78,171.29,7850700
2020-04-22,169.97,170.39,168.71,169.54,6230200
2020-04-23,169.87,170.93,169.61,170.44,5968600
2020-04-24,169.61,170.84,169.57,170.84,6211800
2020-04-27,169.66,169.75,167.44,167.66,9039500
2020-04-28,168.55,169.85,168.45,169.59,9905400
2020-04-29,169.53,170.26,167.96,168.71,8619600
2020-04-30,168.74,169.23,166.71,166.74,11606100
2020-05-01,167.5,168.11,166.44,167.95,10209400
2020-05-04,167.56,167.68,166.48,167.16,8300900
2020-05-05,165.57,166.27,165.27,166.09,7831800
2020-05-06,163.23,163.64,162.05,163.41,14721500
2020-05-07,163.56,166.37,163.34,166.14,9164800
2020-05-08,164.49,165.4,163.68,163.98,8129800
2020-05-11,163.66,164.22,162.1,162.7,8713500
2020-05-12,163.16,164.93,163.13,164.37,10057300
2020-05-13,165.09,166.29,164.83,165.52,13305600
2020-05-14,167.32,168.15,167.05,167.14,10080000
2020-05-15,168.3,168.49,166.33,166.71,7225600
2020-05-18,164.93,165.06,162.42,163.05,10073100
2020-05-19,162.52,163.7,162.48,163.66,8639100
2020-05-20,163.17,164.7,162.88,164.15,10927300
2020-05-21,164.86,165.36,164.29,164.56,8920000
2020-05-22,164.72,165.68,164.61,165.55,4956700
2020-05-26,163.71,163.79,162.98,163.33,8098900
2020-05-27,162.79,163.91,162.59,163.03,8047400
2020-05-28,161.96,162.57,161.66,162.43,10272600
2020-05-29,162.71,164.09,162.35,163.59,14632700
2020-06-01,162.1,162.44,161.67,162.28,13341400
2020-06-02,161.67,162.09,161.25,161.69,11517100
2020-06-03,160.18,160.33,158.94,159.54,12255700
2020-06-04,158.92,159.01,157.19,157.23,14038600
2020-06-05,154.61,156.16,153.16,156.11,17778500
2020-06-08,155.07,156.85,155.05,156.71,10346700
2020-06-09,159.05,159.64,158.3,158.49,9095300
2020-06-10,159.24,160.9,159.05,160.84,13135500
2020-06-11,163.25,164.23,162.63,163.88,17086400
2020-06-12,162.41,163.66,162.05,162.3,9716100
2020-06-15,163.89,164.22,162.14,162.39,7759800
2020-06-16,159.41,161.23,158.7,159.9,13698900
2020-06-17,160.27,160.77,159.34,160.56,7113900
2020-06-18,162.04,162.48,161.61,162.26,7691400
2020-06-19,161.0,162.5,160.91,162.39,8565500
2020-06-22,163.19,163.42,162.07,162.41,9319700
2020-06-23,161.48,162.06,161.12,161.3,9088600
2020-06-24,161.53,163.09,161.52,163.03,11436500
2020-06-25,164.21,164.35,163.4,163.5,10968000
2020-06-26,164.25,165.32,164.18,165.25,12119300
2020-06-29,164.85,165.27,164.38,164.73,7274400
2020-06-30,165.23,165.29,163.48,163.93,14841700
2020-07-01,162.81,163.56,162.15,163.42,13181000
2020-07-02,162.7,163.74,162.24,163.59,7599800
2020-07-06,162.33,163.02,161.75,162.92,7972700
2020-07-07,163.42,165.34,163.2,165.21,12791900
2020-07-08,164.32,164.92,163.83,164.55,7253900
2020-07-09,164.66,167.45,164.6,167.17,13373100
2020-07-10,167.95,168.21,166.16,166.33,8478000
2020-07-13,165.5,166.96,165.23,166.88,8054000
2020-07-14,167.93,168.14,166.98,167.12,11344600
2020-07-15,165.92,166.95,165.83,166.34,7840300
2020-07-16,167.4,167.77,167.04,167.13,9107400
2020-07-17,167.27,167.4,166.47,166.78,8549900
2020-07-20,167.51,167.62,166.8,167.19,6907200
2020-07-21,167.3,167.72,167.08,167.29,8454400
2020-07-22,168.26,168.46,167.69,167.79,6592100
2020-07-23,168.92,169.88,168.48,169.75,10471800
2020-07-24,169.01,169.92,168.87,169.74,7520700
2020-07-27,170.25,170.3,168.99,169.11,6146400
2020-07-28,169.54,170.34,169.43,170.28,8520700
2020-07-29,170.05,170.39,168.98,169.99,6733700
2020-07-30,171.05,171.26,170.75,171.11,9376100
2020-07-31,170.15,171.46,169.94,171.0,8886000
2020-08-03,169.24,169.99,168.97,169.95,9066200
2020-08-04,170.83,171.58,170.72,171.57,9878900
2020-08-05,170.06,170.56,169.69,170.07,6954100
2020-08-06,171.38,172.25,170.62,171.02,9481800
2020-08-07,171.28,171.5,169.58,169.88,8176900
2020-08-10,170.22,170.25,169.07,169.12,6408500
2020-08-11,167.17,167.49,165.88,167.11,19234200
2020-08-12,165.7,166.07,164.99,165.59,11744800
2020-08-13,165.31,165.58,163.17,163.82,12744700
2020-08-14,163.81,164.15,163.16,163.18,6398100
2020-08-17,163.97,164.46,163.43,163.59,6901500
2020-08-18,164.36,164.87,164.09,164.76,8140600
2020-08-19,165.37,165.61,163.3,163.73,12497700
2020-08-20,165.39,165.65,164.93,165.21,10319900
2020-08-21,165.77,166.33,165.01,166.2,6836000
2020-08-24,166.32,166.97,165.86,165.93,6490600
2020-08-25,164.35,165.09,163.83,164.66,10518300
2020-08-26,164.05,164.33,163.28,164.03,8276600
2020-08-27,164.76,164.82,161.16,161.24,19860100
2020-08-28,161.77,162.05,160.64,161.12,8415400
2020-08-31,161.6,163.25,161.56,162.19,11388100
2020-09-01,161.76,164.07,161.18,163.86,10587000
2020-09-02,163.51,165.56,163.49,165.42,15167700
2020-09-03,165.75,167.24,165.44,165.89,16416600
2020-09-04,164.41,164.7,162.45,162.74,13780300
2020-09-08,164.37,165.26,163.74,163.74,13790400
2020-09-09,163.94,164.25,162.76,163.3,9558900
2020-09-10,162.46,164.35,161.95,164.13,8847700
2020-09-11,164.31,164.57,164.08,164.48,5458200
2020-09-14,164.79,165.08,164.23,164.47,4274900
2020-09-15,164.17,164.47,163.79,164.07,6928500
2020-09-16,164.78,164.89,162.98,163.58,8815200
2020-09-17,164.9,164.96,163.8,164.08,7813900
2020-09-18,164.17,164.24,163.34,163.57,7246300
2020-09-21,164.89,165.4,164.14,164.4,11086900
2020-09-22,164.44,164.88,163.87,164.27,10524100
2020-09-23,164.3,164.53,163.48,164.49,6224800
2020-09-24,164.96,165.12,164.62,165.12,8278100
2020-09-25,165.11,165.42,164.71,165.12,5140300
2020-09-28,164.87,164.9,164.37,164.65,4470100
2020-09-29,164.8,165.24,164.56,164.84,10297600
2020-09-30,164.0,164.0,162.55,163.26,12971000
2020-10-01,162.51,163.74,162.1,163.36,11523900
2020-10-02,163.61,163.67,162.18,162.75,8828800
2020-10-05,160.95,160.95,159.52,159.57,14726000
2020-10-06,159.33,161.41,158.68,160.43,22419400
2020-10-07,159.56,160.42,158.86,159.26,9429200
2020-10-08,159.97,160.25,159.66,160.12,8431500
2020-10-09,159.52,160.27,158.81,160.09,8441500
2020-10-12,160.43,160.68,160.11,160.6,3962000
2020-10-13,161.21,161.83,161.18,161.75,7914300
2020-10-14,162.33,162.75,161.97,162.12,6954800
2020-10-15,163.04,163.19,161.64,161.84,9458800
2020-10-16,161.66,162.32,161.1,161.39,8416300
2020-10-19,160.5,160.98,160.05,160.78,9286600
2020-10-20,159.86,160.01,158.95,159.25,11189000
2020-10-21,158.79,159.37,158.37,158.7,10453700
2020-10-22,158.29,158.63,156.97,157.05,12664900
2020-10-23,156.81,158.21,156.75,158.01,8783800
2020-10-26,159.21,160.02,159.01,159.48,7227300
2020-10-27,160.23,160.7,159.9,160.55,6062300
2020-10-28,161.38,161.46,160.2,160.7,11765800
2020-10-29,160.73,160.83,158.47,159.14,11932400
2020-10-30,159.03,159.35,157.57,157.57,13095400
2020-11-02,158.7,159.19,158.33,158.58,10810500
2020-11-03,157.85,157.98,157.04,157.66,16228700
2020-11-04,161.64,162.17,160.54,161.08,21570800
2020-11-05,161.64,161.74,160.58,161.36,18537500
2020-11-06,159.62,159.92,158.94,159.41,12408400
2020-11-09,155.97,156.15,154.63,156.06,23245000
2020-11-10,154.96,155.81,154.78,155.16,12561000
2020-11-11,155.02,155.94,154.97,155.72,5888200
2020-11-12,156.94,158.4,156.71,158.37,15999700
2020-11-13,158.36,158.5,157.91,158.16,7344600
2020-11-16,157.73,158.28,157.61,157.78,6310400
2020-11-17,158.77,159.16,158.59,158.81,7444600
2020-11-18,159.44,159.57,158.35,159.27,10333300
2020-11-19,159.97,160.72,159.84,160.09,10637200
2020-11-20,160.53,161.54,160.39,161.51,7246800
2020-11-23,160.82,160.99,160.28,160.77,11300000
2020-11-24,159.99,160.02,159.01,159.17,10891700
2020-11-25,159.25,159.91,158.62,158.68,9145800
2020-11-27,159.61,160.27,159.58,160.22,4708200
2020-11-30,160.03,160.53,159.76,160.02,13071600
2020-12-01,158.55,158.74,156.68,157.5,13662800
2020-12-02,156.88,156.93,155.48,156.25,12114300
2020-12-03,156.94,157.82,156.58,157.51,9626500
2020-12-04,155.69,155.79,154.77,155.2,12734500
2020-12-07,156.35,156.88,156.18,156.6,9316100
2020-12-08,157.57,158.07,157.2,157.34,7397200
2020-12-09,156.55,157.32,156.01,156.82,7750100
2020-12-10,157.24,158.29,156.83,158.21,10025100
2020-12-11,158.65,159.39,158.32,158.77,8135900
2020-12-14,157.49,158.69,157.11,158.33,7535900
2020-12-15,157.78,158.39,157.31,157.8,6847500
2020-12-16,156.58,157.89,156.39,157.38,9954200
2020-12-17,158.13,158.46,156.43,156.8,9422700
2020-12-18,157.12,157.38,156.18,156.33,6505000
2020-12-21,157.2,157.34,156.45,156.95,8988200
2020-12-22,157.56,157.83,157.08,157.76,7370800
2020-12-23,156.62,156.69,155.46,156.67,9266600
2020-12-24,156.9,157.43,156.85,157.29,3117100
2020-12-28,156.38,157.45,156.1,157.36,7791100
2020-12-29,156.39,157.29,156.36,157.16,9030900
2020-12-30,156.82,157.53,156.68,157.5,9097300
2020-12-31,157.46,158.08,157.45,157.73,7742100
2021-01-04,156.67,158.18,156.54,157.54,13152900
2021-01-05,156.95,156.95,155.66,156.37,10458100
2021-01-06,153.82,153.85,152.29,153.16,22827300
2021-01-07,151.79,152.17,151.26,151.81,14651900
2021-01-08,151.48,151.96,150.66,151.32,13622500
2021-01-11,151.0,151.21,150.49,151.07,8370700
2021-01-12,150.79,151.16,149.93,150.95,12186300
2021-01-13,151.66,153.07,151.57,152.65,12533300
2021-01-14,152.58,152.64,150.79,151.22,14835500
2021-01-15,152.19,152.36,151.47,151.82,11624700
2021-01-19,151.62,152.36,151.51,152.31,9575600
2021-01-20,151.99,152.48,151.79,152.46,5368900
2021-01-21,151.44,151.75,151.1,151.39,8162700
2021-01-22,151.85,152.01,151.42,151.88,9507200
2021-01-25,152.76,153.69,152.64,153.67,8712600
2021-01-26,153.1,153.6,152.92,153.38,7690300
2021-01-27,154.07,154.5,153.53,153.77,7895200
2021-01-28,153.4,153.46,152.16,152.92,10667800
2021-01-29,151.42,152.49,151.3,152.0,14965900
2021-02-01,151.66,152.36,151.49,152.0,8165500
2021-02-02,150.74,151.09,150.52,151.02,9177500
2021-02-03,150.43,150.59,149.58,149.68,9633100
2021-02-04,149.16,149.49,148.8,149.28,8262600
2021-02-05,149.1,149.57,148.02,148.03,10258900
2021-02-08,148.3,149.26,148.04,148.68,11574800
2021-02-09,149.22,149.67,148.66,148.79,5218300
2021-02-10,149.28,149.78,149.14,149.78,8079800
2021-02-11,149.68,149.79,148.75,148.96,11962700
2021-02-12,147.7,148.08,147.03,147.11,14088400
2021-02-16,145.22,145.66,144.66,144.87,17789100
2021-02-17,145.95,146.38,144.98,145.79,11199100
2021-02-18,144.61,145.6,144.32,145.2,10755300
2021-02-19,144.06,144.32,142.85,143.27,12741700
2021-02-22,143.03,143.74,141.72,142.18,13203900
2021-02-23,141.52,142.5,141.14,141.77,12658500
2021-02-24,139.35,141.18,139.16,140.84,17363100
2021-02-25,139.52,139.92,136.61,138.54,52621700
2021-02-26,140.77,143.3,139.68,143.12,45423300
2021-03-01,140.66,141.41,140.09,141.06,22048000
2021-03-02,140.4,141.13,140.29,141.07,12482200
2021-03-03,139.38,140.15,138.76,139.54,19763700
2021-03-04,139.63,139.94,137.96,138.64,22366600
2021-03-05,138.17,139.34,137.99,138.91,20598000
2021-03-08,138.83,138.9,137.83,137.83,15236600
2021-03-09,139.27,139.82,138.97,139.74,14463400
2021-03-10,139.8,140.15,139.28,140.02,12387600
2021-03-11,139.17,139.38,138.46,139.01,14150700
2021-03-12,136.4,136.46,135.65,136.06,20402700
2021-03-15,136.49,137.09,136.41,136.86,11366500
2021-03-16,137.02,137.12,135.75,136.31,15567900
2021-03-17,135.15,135.53,134.15,135.29,27107500
2021-03-18,133.31,134.47,133.19,133.92,21615100
2021-03-19,134.08,134.83,133.8,134.75,18685000
2021-03-22,135.69,136.41,135.37,136.26,17047500
2021-03-23,136.59,137.54,136.15,137.49,16768400
2021-03-24,137.06,138.28,136.95,138.23,13863000
2021-03-25,138.39,138.66,137.09,137.14,20782000
2021-03-26,136.42,137.24,136.22,136.66,8433300
2021-03-29,136.83,136.85,134.97,135.5,13968100
2021-03-30,135.3,136.51,135.01,136.21,15020800
2021-03-31,136.34,136.59,134.98,135.45,19271300
2021-04-01,136.55,137.62,136.3,137.51,14885900
2021-04-05,136.55,136.97,135.94,136.91,8243000
2021-04-06,137.16,137.98,137.01,137.84,9282400
2021-04-07,137.45,138.1,136.88,136.88,11052700
2021-04-08,137.39,138.07,137.36,138.01,7847900
2021-04-09,137.5,138.19,137.09,137.51,8717800
2021-04-12,137.46,137.53,137.1,137.45,7659000
2021-04-13,137.3,138.51,137.2,138.48,13232800
2021-04-14,138.03,138.24,137.57,138.04,7293200
2021-04-15,139.49,140.98,139.46,140.35,23896700
2021-04-16,139.1,139.73,138.93,139.26,15238400
2021-04-19,138.74,139.31,138.55,138.86,13886800
2021-04-20,138.45,139.76,138.43,139.5,11476500
2021-04-21,139.54,139.91,139.07,139.78,11902200
2021-04-22,140.0,140.39,139.2,140.39,14156400
2021-04-23,140.38,140.47,139.49,140.06,12302200
2021-04-26,140.15,140.51,139.85,139.86,9103500
2021-04-27,139.59,139.82,138.53,138.64,14137300
2021-04-28,138.65,138.89,137.96,138.73,15263700
2021-04-29,137.45,138.36,137.13,138.32,17178200
2021-04-30,138.51,138.73,137.98,138.64,15692000
2021-05-03,138.7,139.65,138.28,138.52,16447700
2021-05-04,139.49,140.16,139.16,139.46,18639700
2021-05-05,139.03,139.85,138.92,139.69,11127900
2021-05-06,139.25,140.19,139.2,139.92,21907600
2021-05-07,140.1,140.6,138.91,139.23,18346900
2021-05-10,138.95,139.25,137.69,137.82,15146200
2021-05-11,137.23,137.48,136.77,137.04,15158600
2021-05-12,136.67,136.8,135.36,135.6,20859400
2021-05-13,135.93,136.37,135.63,135.81,13073900
2021-05-14,136.53,137.08,136.22,137.08,17566700
2021-05-17,136.83,137.17,136.57,136.79,6113800
2021-05-18,136.4,136.57,136.07,136.44,11423100
2021-05-19,136.54,137.3,135.62,136.11,14296000
2021-05-20,136.76,137.49,136.67,137.23,13310500
2021-05-21,137.66,137.7,137.06,137.67,10171600
2021-05-24,137.99,138.58,137.89,138.18,6868700
2021-05-25,138.63,139.5,138.62,139.46,12346900
2021-05-26,139.59,139.91,138.88,139.22,9793700
2021-05-27,138.5,138.69,137.99,138.66,10695200
2021-05-28,138.58,139.3,138.34,138.44,10258000
2021-06-01,137.82,138.26,137.25,138.21,11778500
2021-06-02,138.55,138.79,138.32,138.53,7347900
2021-06-03,138.51,138.51,137.85,138.01,10994000
2021-06-04,138.52,139.9,138.52,139.9,15773700
2021-06-07,139.59,139.71,139.32,139.47,7799800
2021-06-08,140.66,140.66,140.21,140.45,11230900
2021-06-09,141.76,142.15,141.25,141.69,12768300
2021-06-10,140.83,142.56,140.68,142.54,19698300
2021-06-11,142.31,142.4,141.84,142.31,8646700
2021-06-14,142.1,142.1,141.01,141.22,9401300
2021-06-15,140.8,141.09,140.48,141.05,18207300
2021-06-16,141.4,141.67,140.21,140.93,19676300
2021-06-17,141.86,144.93,141.64,143.04,35225800
2021-06-18,144.28,146.04,144.12,145.73,26616900
2021-06-21,144.39,144.49,143.02,143.29,16485000
2021-06-22,142.17,143.68,142.12,143.64,14530200
2021-06-23,143.11,143.5,142.71,143.27,12040900
2021-06-24,143.42,143.9,143.33,143.5,8788400
2021-06-25,143.26,143.4,141.37,142.01,15562200
2021-06-28,142.72,143.8,142.7,143.47,11460700
2021-06-29,143.1,143.72,143.04,143.71,11217900
2021-06-30,144.25,144.93,144.07,144.35,15708900
2021-07-01,143.98,144.31,143.53,144.17,10810000
2021-07-02,144.23,145.04,144.11,145.04,9650200
2021-07-06,145.72,146.99,145.72,146.74,20037200
2021-07-07,147.57,148.56,147.22,148.04,20964400
2021-07-08,148.88,149.44,148.17,148.62,17487800
2021-07-09,146.87,146.99,146.49,146.53,14483600
2021-07-12,147.09,147.23,146.17,146.34,10610400
2021-07-13,146.82,147.46,144.64,145.22,23340200
2021-07-14,146.01,146.92,145.81,146.87,16038600
2021-07-15,147.95,148.6,147.03,148.49,18462400
2021-07-16,147.34,148.34,147.32,148.21,12787900
2021-07-19,150.95,151.95,150.62,151.46,40203900
2021-07-20,152.53,152.71,149.76,150.0,25674800
2021-07-21,148.18,148.5,146.67,148.1,19988900
2021-07-22,148.11,149.81,148.06,149.5,18136900
2021-07-23,147.94,148.66,147.89,148.5,12639300
2021-07-26,149.0,149.06,147.88,148.06,10737700
2021-07-27,149.33,149.69,148.99,149.64,13036500
2021-07-28,148.67,149.67,148.27,149.65,14346700
2021-07-29,148.78,149.22,148.53,148.82,11532000
2021-07-30,149.13,149.72,149.06,149.52,14342100
2021-08-02,149.45,151.23,149.18,150.67,21232700
2021-08-03,150.75,151.23,150.39,150.75,13361900
2021-08-04,151.5,151.82,149.72,151.06,18267900
2021-08-05,150.76,150.92,150.0,150.29,15345400
2021-08-06,148.32,148.76,147.69,147.78,21144300
2021-08-09,148.15,148.56,147.23,147.25,12942400
2021-08-10,147.49,147.57,146.56,146.57,13716900
2021-08-11,146.41,147.23,145.71,146.48,17227600
2021-08-12,146.09,146.44,145.43,146.24,14709400
2021-08-13,146.83,148.56,146.81,148.55,18653800
2021-08-16,149.19,150.02,148.81,148.91,19170900
2021-08-17,148.88,149.47,148.67,148.85,14126900
2021-08-18,148.71,149.47,148.45,149.35,13144000
2021-08-19,150.31,150.46,149.81,150.45,15474300
2021-08-20,150.59,150.81,150.11,150.55,12388400
2021-08-23,150.2,150.5,149.92,150.45,10615000
2021-08-24,149.76,150.07,149.28,149.28,13835900
2021-08-25,149.21,149.37,147.58,148.04,16743800
2021-08-26,147.97,148.57,147.51,148.45,16657400
2021-08-27,148.57,149.49,148.33,149.46,15384700
2021-08-30,148.99,149.9,148.93,149.85,10596300
2021-08-31,149.67,150.09,148.5,148.83,15262400
2021-09-01,149.27,149.39,148.49,148.89,10807100
2021-09-02,149.24,149.55,148.75,149.54,9765900
2021-09-03,148.27,148.51,147.94,148.18,12928000
2021-09-07,147.26,147.52,146.66,146.93,15547800
2021-09-08,147.66,148.19,147.39,147.93,14533700
2021-09-09,148.17,149.89,147.85,149.72,20324600
2021-09-10,148.9,149.17,148.16,148.4,14894600
2021-09-13,149.04,149.49,148.95,149.3,15036100
2021-09-14,149.73,151.57,149.58,151.11,19918400
2021-09-15,151.21,151.25,149.93,150.58,11940300
2021-09-16,149.67,150.45,149.5,149.89,13328900
2021-09-17,149.18,149.36,148.7,149.17,13782900
2021-09-20,150.57,151.37,150.23,151.02,14660400
2021-09-21,150.71,150.96,150.2,150.89,10035800
2021-09-22,150.79,151.79,150.44,151.79,22277800
2021-09-23,150.42,150.45,148.34,148.36,23853300
2021-09-24,147.84,147.85,146.74,146.91,20203900
2021-09-27,146.06,146.87,145.88,146.37,13464300
2021-09-28,144.33,145.07,143.64,144.09,26613500
2021-09-29,144.8,145.43,143.69,144.34,23569400
2021-09-30,144.1,144.51,143.65,144.32,22567600
2021-10-01,144.85,145.4,144.2,145.35,26151800
2021-10-04,144.67,145.46,144.1,144.98,28027600
2021-10-05,144.6,144.7,143.46,143.58,22659200
2021-10-06,144.23,144.72,144.03,144.39,18696500
2021-10-07,143.19,143.34,142.59,142.88,14856000
2021-10-08,142.26,142.35,141.53,141.88,17257800
2021-10-11,141.6,141.9,141.45,141.52,7213400
2021-10-12,142.63,144.01,142.48,143.94,17968700
2021-10-13,144.61,145.53,144.58,145.34,23584600
2021-10-14,145.37,145.96,144.95,145.88,12946400
2021-10-15,145.0,145.14,144.47,145.03,11811500
2021-10-18,145.0,146.0,144.52,145.71,12115900
2021-10-19,144.66,144.73,143.65,143.7,12156300
2021-10-20,143.25,143.68,142.51,142.73,12782500
2021-10-21,143.0,143.15,142.23,142.56,13660000
2021-10-22,143.45,144.4,143.21,144.13,13740000
2021-10-25,143.67,144.3,143.63,143.91,8137900
2021-10-26,144.62,145.1,143.74,145.1,13671000
2021-10-27,146.4,148.18,145.93,147.74,22092300
2021-10-28,147.79,148.33,146.84,147.24,17497600
2021-10-29,146.47,148.0,146.32,147.69,19087300
2021-11-01,145.8,146.76,145.7,146.44,18035500
2021-11-02,146.5,147.57,146.5,147.09,9836700
2021-11-03,147.82,147.98,145.53,145.57,20639400
2021-11-04,145.87,147.36,145.85,147.1,15922400
2021-11-05,148.52,149.58,148.13,149.3,21513000
2021-11-08,148.96,149.28,148.51,149.02,12083800
2021-11-09,150.8,151.77,150.64,150.96,23430200
2021-11-10,150.83,150.93,147.03,148.2,28170600
2021-11-11,148.51,148.66,147.89,147.98,5552500
2021-11-12,148.0,148.51,146.76,147.33,12712000
2021-11-15,146.89,146.96,145.22,145.48,15232700
2021-11-16,145.69,146.38,144.85,145.11,12998700
2021-11-17,144.57,146.29,144.46,146.26,14239900
2021-11-18,145.99,146.9,145.95,146.81,11054600
2021-11-19,147.58,148.6,147.58,148.36,14022100
2021-11-22,147.4,147.64,146.13,146.62,15266000
2021-11-23,145.93,146.11,144.5,144.5,15318500
2021-11-24,144.94,146.82,144.79,146.82,13769700
2021-11-26,148.83,150.68,148.67,150.53,20064800
2021-11-29,148.31,149.64,148.17,149.32,23234200
2021-11-30,150.83,152.07,150.25,151.59,31481100
2021-12-01,150.49,152.41,149.79,152.34,30826500
2021-12-02,152.93,152.99,150.76,152.53,17754200
2021-12-03,151.68,155.12,151.35,154.35,34427100
2021-12-06,154.05,154.35,151.93,152.23,30924200
2021-12-07,151.72,152.53,150.86,151.0,22115900
2021-12-08,150.47,150.48,148.36,148.39,33633900
2021-12-09,149.34,149.84,148.48,149.22,17544900
2021-12-10,149.92,150.24,148.81,148.86,14298700
2021-12-13,150.39,151.31,150.31,151.06,17860500
2021-12-14,150.37,150.93,149.31,150.7,14015500
2021-12-15,149.61,150.79,149.13,149.25,25383900
2021-12-16,148.75,149.88,148.73,149.14,18677900
2021-12-17,150.34,150.98,150.16,150.83,18093500
2021-12-20,150.75,151.02,149.6,149.7,17147300
2021-12-21,148.14,149.2,147.62,149.13,16598200
2021-12-22,149.73,149.86,149.02,149.82,12253900
2021-12-23,149.59,149.6,148.03,148.52,11642500
2021-12-27,148.46,149.01,148.32,148.88,7821800
2021-12-28,149.6,149.78,148.01,148.29,9174600
2021-12-29,146.91,147.31,146.41,146.67,11771200
2021-12-30,147.25,147.97,146.45,147.9,10355000
2021-12-31,147.81,149.03,147.43,148.19,13402300
2022-01-03,146.41,146.94,144.28,144.3,33860400
2022-01-04,143.61,144.13,142.74,143.7,21996400
2022-01-05,144.14,144.16,142.71,142.92,20911700
2022-01-06,142.59,143.44,142.29,143.29,18996400
2022-01-07,143.13,143.24,141.56,142.26,18756800
2022-01-10,141.65,142.81,141.36,142.61,13775800
2022-01-11,142.88,143.63,142.7,143.56,24388700
2022-01-12,143.9,144.01,143.0,143.01,14440600
2022-01-13,143.39,144.42,143.03,144.28,15166000
2022-01-14,143.42,143.46,141.79,142.1,22997500
2022-01-18,140.96,141.31,140.02,140.1,21171700
2022-01-19,140.53,141.71,140.31,141.07,17930500
2022-01-20,141.37,141.99,141.09,141.94,13959000
2022-01-21,143.4,144.1,142.67,143.63,28916600
2022-01-24,144.3,144.37,142.43,142.45,25001600
2022-01-25,143.11,143.71,141.8,142.22,15599000
2022-01-26,142.26,142.57,140.49,140.5,23655500
2022-01-27,142.41,143.37,142.33,143.08,21501800
2022-01-28,142.09,143.46,141.85,143.13,12826500
2022-01-31,142.18,142.95,141.96,142.39,13998400
2022-02-01,142.28,142.36,141.06,141.72,20806100
2022-02-02,141.95,143.57,141.93,142.2,18404600
2022-02-03,140.44,141.48,140.18,141.09,17234100
2022-02-04,139.85,140.14,138.78,139.01,23609800
2022-02-07,138.91,139.31,138.55,139.1,12962400
2022-02-08,138.21,138.58,137.82,138.17,16269200
2022-02-09,138.72,139.37,138.19,138.43,14349100
2022-02-10,137.66,137.83,135.84,136.23,30896200
2022-02-11,136.87,138.51,135.36,138.25,43210300
2022-02-14,137.13,137.74,135.97,136.53,23157400
2022-02-15,135.6,135.84,134.94,134.98,18198500
2022-02-16,135.95,136.07,134.51,135.78,16473700
2022-02-17,136.45,137.57,135.9,136.79,24508200
2022-02-18,137.52,138.37,137.16,138.23,17522600
2022-02-22,137.69,138.67,137.47,138.59,19534000
2022-02-23,137.68,137.85,136.57,136.68,17757800
2022-02-24,139.1,139.37,136.25,136.77,28150400
2022-02-25,136.86,137.31,136.18,136.87,15025400
2022-02-28,138.43,140.04,138.32,139.87,25817700
2022-03-01,140.36,142.33,140.0,141.3,35664400
2022-03-02,139.84,140.42,136.41,136.47,30397400
2022-03-03,137.49,138.7,137.02,137.86,20649100
2022-03-04,140.36,140.82,139.31,140.24,25853100
2022-03-07,139.12,140.64,138.77,139.17,23710900
2022-03-08,137.51,138.25,137.25,137.77,28331300
2022-03-09,137.07,137.34,136.13,136.42,18819200
2022-03-10,134.83,135.17,133.72,134.46,26868900
2022-03-11,134.33,135.45,134.21,134.91,15583800
2022-03-14,132.7,132.89,131.72,131.76,24385000
2022-03-15,132.86,133.15,131.19,131.53,17518800
2022-03-16,131.83,133.13,130.32,132.82,25857700
2022-03-17,132.82,133.34,131.07,131.83,19330600
2022-03-18,132.57,133.54,132.57,133.44,55891700
2022-03-21,131.28,131.67,129.75,130.35,26122000
2022-03-22,128.96,129.34,128.34,128.68,21830900
2022-03-23,129.37,131.6,128.86,131.5,21266100
2022-03-24,129.65,131.18,129.6,130.47,17141600
2022-03-25,129.5,129.52,127.65,128.66,25684500
2022-03-28,129.39,130.56,129.04,129.76,17657800
2022-03-29,130.56,131.55,129.74,130.74,19319700
2022-03-30,130.07,132.01,129.99,131.76,16310200
2022-03-31,131.98,132.67,131.66,132.08,19901000
2022-04-01,130.01,132.96,129.71,132.38,23489700
2022-04-04,131.93,131.98,130.71,131.46,13609900
2022-04-05,130.76,130.78,128.29,128.49,25196900
2022-04-06,126.43,128.3,126.4,127.45,22952000
2022-04-07,126.11,126.67,125.41,126.49,23458800
2022-04-08,125.45,125.83,124.26,125.12,26859200
2022-04-11,123.92,124.19,122.56,123.14,30020700
2022-04-12,124.05,124.16,122.67,122.97,23124200
2022-04-13,123.05,124.3,122.89,123.22,17189500
2022-04-14,122.86,122.93,120.38,120.75,34274500
2022-04-18,120.87,121.08,119.69,120.15,18784300
2022-04-19,119.15,119.72,118.67,119.25,26012300
2022-04-20,120.22,121.97,119.92,121.65,31423200
2022-04-21,120.83,120.91,119.17,120.75,23323200
2022-04-22,120.07,121.44,119.81,119.99,19773400
2022-04-25,121.38,122.19,121.13,121.19,25418900
2022-04-26,122.44,123.03,121.76,122.41,26931300
2022-04-27,122.19,122.32,120.77,120.84,14560500
2022-04-28,120.39,121.07,120.01,121.02,16892500
2022-04-29,119.31,120.97,119.11,119.45,26153400
2022-05-02,117.86,118.27,116.93,117.18,29233900
2022-05-03,119.04,119.31,117.89,117.97,21256700
2022-05-04,117.97,118.97,117.35,118.62,25575700
2022-05-05,116.35,116.47,114.02,115.37,48384500
2022-05-06,114.14,115.04,113.31,113.67,32790500
2022-05-09,112.86,114.71,112.62,114.67,26773000
2022-05-10,115.89,116.96,115.48,115.71,33640800
2022-05-11,114.74,117.94,114.44,117.94,34173600
2022-05-12,118.02,118.89,117.66,117.72,26405700
2022-05-13,116.98,117.15,115.9,115.98,20782700
2022-05-16,116.21,116.94,115.85,115.86,11050600
2022-05-17,114.71,115.35,114.36,114.46,15040800
2022-05-18,114.72,117.0,114.61,116.9,21337300
2022-05-19,118.64,118.72,116.85,117.18,21937500
2022-05-20,117.09,119.02,117.06,118.51,22780900
2022-05-23,117.71,118.25,116.54,116.56,15925200
2022-05-24,117.9,119.64,117.86,118.86,23388200
2022-05-25,119.61,119.62,118.59,119.33,14410800
2022-05-26,119.02,119.09,117.8,118.79,14912900
2022-05-27,119.36,119.74,118.74,119.08,11190400
2022-05-31,117.18,117.23,115.93,116.56,28393700
2022-06-01,117.03,117.34,115.69,116.22,15544800
2022-06-02,116.63,116.71,115.46,116.28,9832000
2022-06-03,115.09,116.06,114.87,116.03,15330400
2022-06-06,115.15,115.51,113.81,113.89,20815400
2022-06-07,114.61,115.78,114.58,115.12,14278700
2022-06-08,114.68,115.13,114.08,114.1,11476100
2022-06-09,113.84,114.71,113.68,114.48,15527300
2022-06-10,114.36,114.61,112.97,113.77,21917100
2022-06-13,111.49,111.67,109.24,110.2,36968300
2022-06-14,110.53,110.98,108.59,108.81,21865900
2022-06-15,110.09,110.99,109.03,110.84,25202800
2022-06-16,108.45,111.72,108.12,111.72,26067300
2022-06-17,112.01,112.83,110.96,112.08,21614300
2022-06-21,110.09,111.02,109.81,110.18,17663800
2022-06-22,112.69,113.31,112.38,113.21,23703800
2022-06-23,113.9,115.17,113.49,114.14,20669200
2022-06-24,113.46,114.17,112.5,112.56,18161300
2022-06-27,111.22,112.22,111.16,111.6,12053000
2022-06-28,111.29,112.18,110.87,112.12,13706600
2022-06-29,112.38,113.9,112.17,113.87,12925400
2022-06-30,114.86,115.77,114.75,114.87,25802100
2022-07-01,115.9,117.59,115.22,115.82,21858800
2022-07-05,116.89,117.75,116.17,116.73,16689700
2022-07-06,117.39,117.54,114.77,114.77,20205400
2022-07-07,115.1,115.17,113.51,113.76,13088000
2022-07-08,113.5,113.5,112.05,112.5,15320000
2022-07-11,113.79,114.79,113.7,114.44,13639900
2022-07-12,115.51,116.23,114.97,115.12,18547300
2022-07-13,113.77,116.65,113.45,116.44,20594800
2022-07-14,115.08,116.16,114.47,115.49,15665000
2022-07-15,115.84,116.82,115.6,116.14,16022600
2022-07-18,115.25,115.32,114.18,114.93,15838300
2022-07-19,114.91,115.15,113.66,114.31,9276800
2022-07-20,115.48,115.55,114.05,114.61,9117300
2022-07-21,115.19,116.72,115.01,116.59,14754900
2022-07-22,118.29,119.27,117.97,118.55,17715300
2022-07-25,116.71,117.54,116.47,117.39,24868100
2022-07-26,118.86,119.24,117.4,117.48,13536000
2022-07-27,118.01,118.49,116.71,116.82,15725600
2022-07-28,118.05,118.92,117.32,117.75,16637900
2022-07-29,117.7,119.31,117.33,117.43,16655900
2022-08-01,118.25,120.1,118.08,120.04,17974600
2022-08-02,120.15,120.69,117.29,117.5,17896300
2022-08-03,117.17,119.49,116.33,119.35,16731200
2022-08-04,118.98,119.55,118.54,119.31,11003000
2022-08-05,117.07,117.11,115.89,116.47,19492300
2022-08-08,117.64,118.53,117.56,118.35,17476300
2022-08-09,117.73,118.36,117.46,117.89,8223200
2022-08-10,117.73,118.91,116.73,117.12,14665300
2022-08-11,116.87,117.06,114.09,114.39,20663800
2022-08-12,115.1,115.57,114.43,115.55,12178400
2022-08-15,116.33,116.75,115.45,115.45,9031800
2022-08-16,115.25,116.02,114.24,115.93,11066000
2022-08-17,115.06,115.1,114.31,114.72,14131300
2022-08-18,114.97,115.64,114.59,114.89,10738200
2022-08-19,113.23,113.34,112.74,113.04,16330900
2022-08-22,112.86,112.96,112.13,112.66,10457200
2022-08-23,112.19,113.48,111.74,112.04,17813200
2022-08-24,111.49,111.87,110.86,111.22,13971600
2022-08-25,111.32,113.09,110.99,112.77,21429700
2022-08-26,112.3,113.99,112.01,113.62,18764400
2022-08-29,112.94,113.01,112.13,112.68,14278300
2022-08-30,112.62,113.51,112.21,112.96,14346600
2022-08-31,112.69,113.34,111.58,111.88,13623500
2022-09-01,109.87,110.25,108.94,109.6,22490400
2022-09-02,109.68,110.56,109.47,110.22,13024400
2022-09-06,108.9,108.97,107.42,107.49,24648500
2022-09-07,108.32,109.48,108.21,109.19,17050100
2022-09-08,108.84,109.52,108.05,108.07,14671400
2022-09-09,108.33,108.8,107.63,108.31,12529800
2022-09-12,108.63,108.89,106.92,107.42,14806900
2022-09-13,106.56,107.74,106.24,107.67,22158900
2022-09-14,107.34,108.21,107.12,108.04,13077800
2022-09-15,107.85,108.19,107.58,107.97,10260200
2022-09-16,107.03,108.05,106.77,107.07,18903800
2022-09-19,106.96,107.82,106.8,107.32,11084400
2022-09-20,105.69,106.84,105.4,106.25,20133800
2022-09-21,106.7,108.04,105.97,108.03,23132900
2022-09-22,105.79,105.96,104.73,105.27,29030600
2022-09-23,105.34,106.43,104.56,105.7,23042200
2022-09-26,105.36,105.41,103.22,103.68,25104600
2022-09-27,102.71,102.98,100.9,100.95,34609500
2022-09-28,103.13,104.45,102.48,104.33,39283100
2022-09-29,102.9,104.23,102.8,103.79,19127100
2022-09-30,104.27,104.86,102.23,102.45,26485700
2022-10-03,103.85,104.68,103.15,103.83,27192200
2022-10-04,104.15,104.65,103.3,103.54,13788700
2022-10-05,102.73,102.84,101.58,102.55,20522100
2022-10-06,102.59,102.84,101.53,101.98,13965700
2022-10-07,100.81,101.62,100.47,100.99,14814800
2022-10-10,100.5,100.51,98.8,99.42,15652600
2022-10-11,99.74,100.9,98.99,99.86,33246700
2022-10-12,99.28,100.54,99.19,100.35,21447600
2022-10-13,98.36,100.38,98.34,99.39,30292500
2022-10-14,100.19,100.19,98.25,98.57,18728200
2022-10-17,99.29,99.66,97.94,98.09,18969900
2022-10-18,97.95,98.46,96.87,98.32,16931500
2022-10-19,97.19,97.42,96.32,96.53,25431600
2022-10-20,95.93,96.33,94.74,94.88,25434900
2022-10-21,93.02,93.93,92.26,93.17,46280300
2022-10-24,92.82,93.55,91.85,92.4,31332600
2022-10-25,94.58,95.23,94.44,95.09,31213100
2022-10-26,95.77,96.69,95.77,96.46,24843900
2022-10-27,96.98,97.9,96.22,97.47,20270000
2022-10-28,96.86,97.63,96.41,96.8,22244100
2022-10-31,96.36,96.62,95.03,96.11,23956700
2022-11-01,97.38,97.42,96.21,96.77,17585100
2022-11-02,96.91,97.63,95.96,96.35,25010500
2022-11-03,95.17,96.38,95.09,95.83,29097500
2022-11-04,95.1,95.66,94.22,94.22,23561400
2022-11-07,94.8,94.86,93.24,93.28,14522800
2022-11-08,93.8,94.96,93.77,94.3,20360600
2022-11-09,93.82,95.02,93.69,94.61,15637500
2022-11-10,96.73,98.43,96.64,98.25,45380900
2022-11-11,97.57,98.37,97.54,97.89,15943100
2022-11-14,97.91,97.99,97.09,97.65,13741100
2022-11-15,98.25,99.3,98.11,99.23,26608200
2022-11-16,100.02,101.45,99.74,101.4,28507700
2022-11-17,100.2,100.57,99.78,100.33,24528900
2022-11-18,100.6,100.89,99.55,99.64,14941300
2022-11-21,100.69,100.82,99.8,100.06,15534000
2022-11-22,100.65,101.62,100.53,101.48,18103100
2022-11-23,102.14,103.25,102.08,103.25,23234600
2022-11-25,102.61,102.93,102.43,102.9,9486100
2022-11-28,103.61,103.81,102.69,103.19,14563200
2022-11-29,102.15,102.96,101.91,101.98,16576400
2022-11-30,101.62,102.73,101.37,102.73,21581700
2022-12-01,103.15,105.81,103.1,105.76,53156800
2022-12-02,105.3,107.1,104.61,107.09,24479500
2022-12-05,105.84,105.99,104.9,105.59,20159700
2022-12-06,106.5,107.39,106.19,106.95,21754500
2022-12-07,108.37,109.68,108.2,109.47,30546700
2022-12-08,108.7,109.45,108.47,109.17,13377300
2022-12-09,107.94,108.17,106.27,106.33,25872200
2022-12-12,107.86,108.11,106.26,106.67,16897100
2022-12-13,109.04,109.08,107.46,107.7,23854700
2022-12-14,107.66,108.32,106.89,108.16,19517500
2022-12-15,108.39,109.12,108.16,108.32,20246200
2022-12-16,106.6,107.83,106.31,107.11,20838300
2022-12-19,105.83,105.84,104.98,105.31,26126800
2022-12-20,103.38,103.81,103.1,103.44,28869000
2022-12-21,104.29,104.4,102.96,103.7,15894100
2022-12-22,103.67,104.12,103.38,103.68,11322500
2022-12-23,102.58,102.81,102.02,102.16,15408900
2022-12-27,100.49,101.07,100.01,100.14,26475700
2022-12-28,100.65,100.78,99.35,99.55,17302900
2022-12-29,99.86,100.99,99.79,100.68,16593000
2022-12-30,99.87,100.55,99.37,99.56,20810200
2023-01-03,102.2,102.34,100.84,101.46,25313200
2023-01-04,103.22,103.48,102.21,102.85,21678200
2023-01-05,101.87,103.29,101.78,103.28,14771100
2023-01-06,102.7,105.3,102.64,105.18,27473700
2023-01-09,104.41,105.93,104.27,105.74,21472200
2023-01-10,104.53,104.82,103.5,103.99,20545200
2023-01-11,104.97,105.72,104.7,105.68,18794000
2023-01-12,105.82,107.81,104.56,107.76,32029600
2023-01-13,107.1,107.8,106.38,106.75,17750800
2023-01-17,105.67,106.66,105.65,106.06,13911700
2023-01-18,108.46,108.77,107.12,108.63,35497200
2023-01-19,108.1,108.37,107.44,107.95,17194700
2023-01-20,106.96,107.24,106.11,106.2,22754100
2023-01-23,105.57,106.2,105.49,105.7,12961500
2023-01-24,106.12,107.45,105.39,107.22,16417200
2023-01-25,107.37,107.91,106.64,107.48,11906500
2023-01-26,107.14,107.65,106.49,106.98,15549400
2023-01-27,106.19,106.96,106.11,106.71,11845500
2023-01-30,106.46,107.16,106.19,106.32,11459700
2023-01-31,106.98,107.28,105.87,107.17,13705300
2023-02-01,107.55,108.59,106.42,108.18,25305800
2023-02-02,108.92,109.35,108.09,108.32,19548400
2023-02-03,106.77,107.11,106.08,106.7,20619500
2023-02-06,105.75,106.31,105.68,105.91,15182400
2023-02-07,105.33,106.23,105.0,105.06,18290300
2023-02-08,105.04,105.58,104.39,105.56,13530700
2023-02-09,106.47,106.62,104.39,104.56,20469900
2023-02-10,104.4,104.44,103.12,103.39,16598300
2023-02-13,103.71,104.42,103.58,104.26,13134300
2023-02-14,104.2,104.83,103.14,104.02,15440300
2023-02-15,103.55,103.95,102.5,103.05,15246900
2023-02-16,102.07,102.22,101.33,101.59,19267300
2023-02-17,101.1,102.38,100.97,102.38,19560900
2023-02-21,101.01,101.2,100.28,100.39,22728000
2023-02-22,100.99,101.69,100.95,101.31,15165400
2023-02-23,101.54,102.59,101.47,102.3,15829100
2023-02-24,101.44,101.8,100.56,100.97,21403600
2023-02-27,101.29,101.7,100.91,101.25,14209200
2023-02-28,100.57,101.72,100.28,101.71,14955700
2023-03-01,100.82,101.03,99.96,100.37,19000000
2023-03-02,99.06,99.65,98.88,99.48,23763600
2023-03-03,100.93,101.9,100.57,101.89,30877300
2023-03-06,102.22,102.34,100.99,101.1,16631900
2023-03-07,101.46,102.37,100.88,101.72,23096500
2023-03-08,102.4,102.97,101.42,101.82,20252400
2023-03-09,101.55,102.52,101.33,102.07,21550400
2023-03-10,104.03,105.69,104.0,105.59,43921500
2023-03-13,108.2,109.1,105.04,105.83,51502500
2023-03-14,105.14,105.61,103.75,104.09,38417800
2023-03-15,106.78,107.71,105.35,106.1,45164100
2023-03-16,107.38,108.03,105.04,105.27,43089300
2023-03-17,106.65,107.73,106.46,106.85,38129000
2023-03-20,106.88,106.96,105.72,105.91,24242800
2023-03-21,105.08,105.42,104.54,105.0,18934900
2023-03-22,104.66,106.45,104.44,106.4,26388500
2023-03-23,105.36,106.55,104.82,106.4,25475100
2023-03-24,107.09,107.43,106.26,106.85,23652700
2023-03-27,105.05,105.76,104.33,104.34,22224500
2023-03-28,104.24,104.68,104.02,104.53,17794300
2023-03-29,103.7,104.45,103.6,104.32,16804400
2023-03-30,104.46,105.05,104.27,104.8,14315800
2023-03-31,105.35,106.56,105.08,106.37,25396700
2023-04-03,105.88,107.1,105.7,106.6,18234800
2023-04-04,105.78,107.8,105.75,107.13,18052400
2023-04-05,107.77,108.37,107.41,108.25,23047700
2023-04-06,108.42,108.87,108.39,108.53,16447300
2023-04-10,107.64,107.76,106.56,106.78,19134400
2023-04-11,107.05,107.09,106.51,107.0,13971200
2023-04-12,107.05,107.17,105.88,106.89,20563000
2023-04-13,107.05,107.39,105.88,106.05,22079400
2023-04-14,105.39,105.55,104.77,105.08,19801900
2023-04-17,104.42,104.59,103.71,103.83,19528800
2023-04-18,103.81,104.59,103.8,104.2,15922600
2023-04-19,103.91,104.24,103.48,104.1,16093900
2023-04-20,104.83,105.28,104.75,104.99,16450100
2023-04-21,105.3,105.46,104.27,104.4,15244700
2023-04-24,104.96,105.49,104.84,105.41,17034300
2023-04-25,106.33,107.13,106.28,106.96,21899900
2023-04-26,106.79,107.24,105.67,105.82,19610400
2023-04-27,105.2,105.27,104.61,104.77,20247600
2023-04-28,106.21,106.76,105.86,106.46,26954100
2023-05-01,105.27,105.42,102.84,103.13,32487300
2023-05-02,104.0,105.7,103.89,105.7,30057800
2023-05-03,106.0,106.6,105.28,106.29,23656200
2023-05-04,105.22,106.45,105.15,105.24,25110500
2023-05-05,104.35,104.9,104.11,104.89,15096500
2023-05-08,103.52,103.87,103.32,103.42,20587000
2023-05-09,103.5,103.64,103.0,103.05,19182500
2023-05-10,103.67,104.24,103.64,104.05,22886800
2023-05-11,105.3,105.52,104.72,105.15,19147200
2023-05-12,105.05,105.25,104.25,104.27,14198500
2023-05-15,103.39,103.47,103.12,103.19,20085300
2023-05-16,102.4,102.9,102.11,102.88,29251700
2023-05-17,103.08,103.16,102.35,102.58,21340900
2023-05-18,102.2,102.26,101.75,101.82,25536600
2023-05-19,101.26,101.86,100.93,101.1,29038000
2023-05-22,101.25,101.71,100.67,100.74,20131100
2023-05-23,100.43,101.25,100.28,101.03,21749500
2023-05-24,101.28,101.36,100.53,100.53,18473400
2023-05-25,100.7,100.8,100.03,100.28,22492800
2023-05-26,100.12,101.17,100.0,101.09,17030300
2023-05-30,101.4,102.24,101.25,102.1,23125200
2023-05-31,101.99,103.18,101.87,102.99,23787000
2023-06-01,103.28,103.63,102.63,103.12,21040400
2023-06-02,103.0,103.07,101.94,101.99,19136500
2023-06-05,101.35,102.44,101.21,101.8,14433200
2023-06-06,101.84,102.47,101.39,102.4,14332100
2023-06-07,102.17,102.43,100.78,100.88,25251100
2023-06-08,100.87,102.14,100.8,102.06,23845100
2023-06-09,101.6,102.27,101.34,101.92,22147400
2023-06-12,102.24,102.3,101.12,102.22,19010300
2023-06-13,102.11,102.33,100.97,101.21,25910800
2023-06-14,101.63,102.29,101.46,102.02,29094200
2023-06-15,103.03,103.63,102.6,103.0,25732000
2023-06-16,102.44,102.83,102.03,102.6,16759100
2023-06-20,103.11,103.66,103.11,103.31,17162900
2023-06-21,102.81,103.65,102.34,103.56,19720100
2023-06-22,102.8,103.25,102.2,102.31,23630700
2023-06-23,103.83,103.95,102.98,103.33,22901900
2023-06-26,103.62,103.8,103.16,103.44,12894900
2023-06-27,103.59,103.95,102.76,103.17,18105700
2023-06-28,103.41,103.84,102.83,103.61,23826800
2023-06-29,102.17,102.34,101.45,101.74,41091600
2023-06-30,102.06,103.06,101.87,102.94,32024900
2023-07-03,102.84,103.26,102.06,102.08,16011800
2023-07-05,101.89,102.0,100.74,101.11,28170300
2023-07-06,100.2,100.38,99.47,99.68,41375700
2023-07-07,99.18,99.6,98.99,99.08,28996500
2023-07-10,98.86,99.53,98.85,99.21,24665200
2023-07-11,99.57,99.97,99.29,99.72,20485500
2023-07-12,100.1,101.12,99.77,100.83,31928000
2023-07-13,101.31,101.97,101.03,101.89,32441500
2023-07-14,101.72,101.94,101.24,101.29,18569000
2023-07-17,101.23,101.49,100.92,101.34,18822000
2023-07-18,101.8,102.07,101.57,101.8,15407400
2023-07-19,102.0,102.98,101.73,102.95,27192500
2023-07-20,102.22,102.31,101.28,101.7,56951200
2023-07-21,102.16,102.35,101.63,101.73,20657500
2023-07-24,101.99,102.15,101.3,101.36,17546700
2023-07-25,100.83,101.5,100.8,101.17,17160600
2023-07-26,101.68,101.69,100.93,101.27,19310700
2023-07-27,100.71,100.93,98.91,99.3,44794400
2023-07-28,99.4,99.86,99.15,99.81,27434000
2023-07-31,99.65,100.33,99.62,100.05,28663800
2023-08-01,98.84,98.92,97.9,98.14,34943400
2023-08-02,97.04,97.24,96.41,97.09,38121300
2023-08-03,95.19,95.32,94.54,94.85,59394800
2023-08-04,95.15,96.68,95.13,96.53,42071800
2023-08-07,96.11,96.2,95.5,95.58,35862900
2023-08-08,96.86,97.37,96.44,96.69,24010500
2023-08-09,96.88,97.29,96.84,97.19,20151100
2023-08-10,97.04,97.36,95.59,95.59,37253200
2023-08-11,95.3,95.87,95.2,95.37,26753500
2023-08-14,95.21,95.93,94.9,95.16,19072000
2023-08-15,94.8,95.2,94.56,94.58,24125000
2023-08-16,94.28,94.79,93.72,93.84,23076700
2023-08-17,93.5,93.61,93.02,93.44,32244900
2023-08-18,93.43,94.19,93.3,93.77,24181700
2023-08-21,92.66,92.76,92.23,92.52,29254100
2023-08-22,92.64,93.28,92.46,93.23,21308700
2023-08-23,94.3,95.55,94.23,95.54,38294700
2023-08-24,95.13,95.55,94.89,94.91,22300800
2023-08-25,94.66,95.51,94.51,95.22,23865200
2023-08-28,95.65,95.66,94.89,95.32,16037300
2023-08-29,94.97,96.51,94.94,96.31,28478100
2023-08-30,96.16,96.4,95.88,96.21,17550100
2023-08-31,96.54,97.05,96.43,96.64,26959700
2023-09-01,95.8,95.82,94.62,94.85,32469700
2023-09-05,94.28,94.29,93.49,93.52,29435900
2023-09-06,94.09,94.11,93.46,93.75,23636300
2023-09-07,94.0,94.07,93.68,94.01,18091500
2023-09-08,94.38,94.9,94.17,94.37,17052100
2023-09-11,93.7,93.98,93.55,93.69,17061500
2023-09-12,93.89,94.24,93.58,94.23,20034300
2023-09-13,93.92,94.53,93.82,94.21,23332300
2023-09-14,93.94,94.21,93.4,93.53,27800600
2023-09-15,93.46,93.48,92.96,92.96,25642900
2023-09-18,92.85,93.53,92.82,93.49,17963400
2023-09-19,93.08,93.43,92.8,92.8,24941800
2023-09-20,93.29,93.6,93.04,93.09,29451200
2023-09-21,91.29,91.37,90.69,90.7,59958700
2023-09-22,90.81,91.61,90.67,91.43,29524500
2023-09-25,89.66,90.04,89.15,89.18,45587900
2023-09-26,89.43,89.62,88.71,88.87,38104100
2023-09-27,89.54,89.62,88.09,88.41,47111200
2023-09-28,87.62,88.73,87.1,88.68,60238000
2023-09-29,89.27,89.49,88.13,88.69,49010100
2023-10-02,87.82,87.93,86.71,86.93,44704300
2023-10-03,86.31,86.65,84.89,85.06,71362600
2023-10-04,85.77,86.31,85.37,86.26,56281600
2023-10-05,86.11,86.19,85.64,85.83,35758800
2023-10-06,84.2,85.69,84.06,84.79,62787900
2023-10-09,85.5,86.8,84.95,86.78,29424900
2023-10-10,85.85,87.17,85.52,86.66,54743900
2023-10-11,87.85,88.47,87.6,88.47,58517700
2023-10-12,88.05,88.19,85.93,86.07,66986700
2023-10-13,87.6,87.83,87.17,87.61,44183800
2023-10-16,86.19,86.37,85.9,86.2,38309800
2023-10-17,84.89,85.63,84.5,85.25,52949100
2023-10-18,84.38,84.72,83.85,84.5,63724600
2023-10-19,83.88,84.57,82.74,82.77,87696900
2023-10-20,82.99,83.54,82.77,83.24,52188800
2023-10-23,82.81,84.86,82.42,84.24,70890400
2023-10-24,84.44,85.35,84.09,85.35,46267700
2023-10-25,84.02,84.13,83.13,83.45,60737200
2023-10-26,83.48,84.82,83.4,84.73,49704100
2023-10-27,84.19,84.97,83.74,84.37,32362300
2023-10-30,83.81,84.5,83.24,83.99,45026900
2023-10-31,84.37,84.77,83.55,83.58,37269200
2023-11-01,84.04,85.12,84.02,85.1,72308500
2023-11-02,86.68,87.31,86.22,87.04,69739400
2023-11-03,88.81,89.05,87.58,87.63,77692300
2023-11-06,87.07,87.2,86.6,86.78,41341900
2023-11-07,87.61,88.5,87.59,88.06,37834200
2023-11-08,88.48,89.62,88.45,89.56,53893400
2023-11-09,88.94,89.03,86.74,87.5,88975100
2023-11-10,88.23,88.43,87.77,87.99,36516400
2023-11-13,87.22,87.94,86.9,87.79,25661500
2023-11-14,90.0,90.15,89.29,89.78,65666800
2023-11-15,89.01,89.14,88.31,88.52,56205300
2023-11-16,89.3,89.96,89.25,89.62,49473900
2023-11-17,90.16,90.43,89.64,90.04,44091400
2023-11-20,89.62,90.66,89.61,90.59,40477800
2023-11-21,90.5,90.8,89.89,90.55,27721000
2023-11-22,91.12,91.32,90.38,90.87,31197500
2023-11-24,90.1,90.26,89.79,89.8,20199600
2023-11-27,90.3,91.34,90.21,91.3,39804400
2023-11-28,90.91,91.53,90.79,91.48,44989300
2023-11-29,92.11,92.7,91.78,92.63,61647800
2023-11-30,91.97,92.29,91.16,91.56,60520900
2023-12-01,91.31,93.06,91.13,92.99,64172200
2023-12-04,92.49,92.83,92.09,92.62,33766300
2023-12-05,93.63,94.62,93.57,94.61,73588600
2023-12-06,95.08,96.05,94.87,95.87,61606100
2023-12-07,95.18,96.08,95.06,95.32,47970200
2023-12-08,94.42,94.72,93.91,94.54,44809200
2023-12-11,94.01,94.44,93.53,94.34,33909700
2023-12-12,94.15,94.7,93.9,94.62,36996900
2023-12-13,95.17,96.98,95.02,96.84,70828500
2023-12-14,97.66,99.04,97.42,99.04,87798600
2023-12-15,98.69,99.35,98.58,99.15,59941300
2023-12-18,98.5,98.5,98.02,98.36,34746000
2023-12-19,98.86,99.26,98.66,98.89,30018400
2023-12-20,99.11,99.69,98.58,99.56,51229400
2023-12-21,99.74,99.84,98.75,98.93,65231200
2023-12-22,99.38,99.38,98.24,98.48,29244200
2023-12-26,98.54,98.87,98.48,98.76,24019700
2023-12-27,99.78,100.53,99.5,100.51,45082800
2023-12-28,100.09,100.57,99.56,99.78,36213000
2023-12-29,99.13,99.82,98.8,98.88,41616200
2024-01-02,98.23,98.65,98.0,98.31,47797400
2024-01-03,97.38,98.85,97.15,98.72,58159500
2024-01-04,97.42,97.64,97.07,97.22,52604500
2024-01-05,96.5,97.68,96.21,96.29,45894800
2024-01-08,96.23,97.38,96.09,97.24,39485800
2024-01-09,96.64,97.17,96.59,96.62,34374000
2024-01-10,96.92,97.05,96.12,96.17,48227800
2024-01-11,96.17,96.83,95.71,96.71,78858900
2024-01-12,96.78,97.27,96.27,96.52,38883900
2024-01-16,95.62,95.79,94.51,94.82,61716700
2024-01-17,94.6,95.0,94.16,94.67,55506800
2024-01-18,94.46,94.58,93.51,93.79,77339100
2024-01-19,93.71,94.17,93.26,94.09,47030900
2024-01-22,94.82,95.08,94.39,94.65,35756400
2024-01-23,93.89,93.99,93.43,93.9,35786700
2024-01-24,94.51,94.54,93.1,93.35,54574900
2024-01-25,94.0,94.22,93.57,93.96,57019400
2024-01-26,93.93,94.07,93.49,93.78,29276900
2024-01-29,94.31,95.17,94.12,94.86,38243600
2024-01-30,95.48,95.84,94.74,95.72,40151400
2024-01-31,96.22,96.91,96.0,96.66,80646700
2024-02-01,97.42,98.67,97.19,98.24,84291200
2024-02-02,96.27,96.62,95.69,96.07,63823300
2024-02-05,94.63,94.85,94.02,94.13,53827400
2024-02-06,94.24,95.15,94.21,95.05,33411500
2024-02-07,94.57,95.23,94.52,94.59,40120200
2024-02-08,94.02,94.3,93.66,94.04,50087700
2024-02-09,93.76,94.01,93.66,93.85,27951300
2024-02-12,93.9,94.14,93.5,93.96,27890300
2024-02-13,92.86,93.06,92.33,92.35,49768500
2024-02-14,92.3,93.05,92.23,92.82,44191600
2024-02-15,93.56,93.72,93.0,93.3,49598500
2024-02-16,92.48,92.85,92.34,92.76,33116800
2024-02-20,92.79,93.19,92.72,92.84,24469300
2024-02-21,92.83,92.9,92.01,92.18,36343100
2024-02-22,92.33,92.76,92.27,92.63,45190700
2024-02-23,92.75,94.0,92.75,93.87,38406700
2024-02-26,94.0,94.03,93.19,93.59,27855000
2024-02-27,93.24,93.47,92.85,92.93,30242000
2024-02-28,93.08,93.6,92.9,93.52,34574200
2024-02-29,93.82,94.3,93.78,94.18,51038600
2024-03-01,93.44,94.51,93.01,94.47,45832800
2024-03-04,93.7,94.16,93.68,94.09,23864200
2024-03-05,95.23,95.68,94.97,95.43,37721900
2024-03-06,95.49,96.17,95.41,95.99,40571600
2024-03-07,96.36,96.4,95.48,95.9,39075000
2024-03-08,95.8,96.05,95.48,95.73,25023200
2024-03-11,95.96,96.01,95.37,95.68,17787900
2024-03-12,95.04,95.21,94.69,94.88,29566000
2024-03-13,94.5,94.74,94.21,94.42,38270100
2024-03-14,93.73,93.75,92.86,92.97,58365600
2024-03-15,93.06,93.19,92.79,92.94,34997700
2024-03-18,92.73,92.99,92.5,92.66,29519500
2024-03-19,92.85,93.27,92.69,92.92,26953100
2024-03-20,93.1,93.79,92.29,92.89,43460100
2024-03-21,93.27,93.43,92.73,93.09,34276600
2024-03-22,94.19,94.21,93.78,93.98,30262300
2024-03-25,93.71,93.75,93.3,93.51,24011800
2024-03-26,93.51,93.87,93.28,93.77,34423000
2024-03-27,93.99,94.7,93.94,94.7,50157800
2024-03-28,94.49,95.02,94.32,94.62,34540400
2024-04-01,93.29,93.3,92.46,92.55,48945400
2024-04-02,91.57,92.2,91.34,92.04,43086300
2024-04-03,91.26,92.05,91.05,92.02,45494400
2024-04-04,92.63,92.76,92.04,92.68,47957400
2024-04-05,91.69,92.18,91.38,91.39,42495900
2024-04-08,91.23,91.59,91.13,91.38,37879800
2024-04-09,91.87,92.36,91.84,92.23,32522000
2024-04-10,91.2,91.3,90.05,90.22,74368900
2024-04-11,90.38,90.44,89.51,89.81,65751200
2024-04-12,90.64,90.95,90.28,90.29,47900100
2024-04-15,89.22,89.26,88.52,88.89,55993100
2024-04-16,88.05,88.58,87.79,88.3,45103200
2024-04-17,88.87,89.38,88.46,89.28,57947000
2024-04-18,89.24,89.27,88.59,88.83,43839500
2024-04-19,89.39,89.39,88.91,89.15,44826800
2024-04-22,88.68,89.12,88.65,89.0,24969000
2024-04-23,88.73,89.54,88.55,89.03,27222700
2024-04-24,88.56,88.63,87.5,88.4,48986800
2024-04-25,87.46,87.9,87.34,87.78,49282600
2024-04-26,88.25,88.61,88.05,88.24,31589800
2024-04-29,88.66,89.02,88.48,88.98,39228600
2024-04-30,88.42,88.73,88.1,88.22,41054700
2024-05-01,88.6,89.21,88.24,88.56,59679500
2024-05-02,88.21,89.01,88.03,88.94,58925400
2024-05-03,89.93,90.12,89.27,89.84,50066100
2024-05-06,89.87,90.25,89.67,90.19,23868200
2024-05-07,90.9,91.24,90.61,90.74,30525800
2024-05-08,90.31,90.46,90.16,90.19,31171700
2024-05-09,89.87,90.77,89.82,90.63,39606700
2024-05-10,90.28,90.38,89.96,90.12,21913800
2024-05-13,90.55,90.61,90.31,90.35,23157500
2024-05-14,90.65,90.92,90.42,90.86,25746400
2024-05-15,91.87,92.26,91.63,92.1,65142900
2024-05-16,92.39,92.42,91.94,92.01,37902400
2024-05-17,91.64,91.8,91.34,91.39,24755000
2024-05-20,91.08,91.32,91.01,91.12,17922800
2024-05-21,91.73,91.77,91.43,91.59,15334400
2024-05-22,91.27,91.78,91.26,91.7,38073700
2024-05-23,91.8,91.8,90.82,91.11,51294700
2024-05-24,90.97,91.47,90.9,91.38,19164400
2024-05-28,91.33,91.36,90.03,90.07,45973700
2024-05-29,89.34,89.4,88.68,88.98,45508400
2024-05-30,89.6,89.97,89.44,89.84,29548600
2024-05-31,90.48,90.66,90.25,90.45,41308800
2024-06-03,90.64,91.67,90.61,91.6,42272100
2024-06-04,92.2,92.8,91.99,92.67,42581500
2024-06-05,93.0,93.35,92.39,93.35,43153900
2024-06-06,92.92,93.43,92.86,93.21,22891900
2024-06-07,91.83,91.83,91.4,91.5,35240500
2024-06-10,91.0,91.06,90.65,90.89,20586500
2024-06-11,91.03,91.87,90.92,91.83,30329200
2024-06-12,93.02,93.57,92.49,92.52,42554600
2024-06-13,93.22,93.99,92.95,93.88,33093800
2024-06-14,94.42,94.84,94.24,94.67,28776700
2024-06-17,93.52,93.81,93.28,93.73,31040200
2024-06-18,93.89,94.6,93.73,94.59,26881000
2024-06-20,93.41,94.0,93.34,93.96,30246300
2024-06-21,94.24,94.48,93.59,93.96,22596400
2024-06-24,94.05,94.34,93.74,94.34,56939100
2024-06-25,94.07,94.55,94.04,94.5,22890200
2024-06-26,93.28,93.47,93.11,93.15,38489100
2024-06-27,93.52,93.71,93.42,93.52,23140800
2024-06-28,93.73,93.77,91.78,91.78,55119600
2024-07-01,90.42,91.08,89.82,89.91,49735400
2024-07-02,90.68,90.81,90.08,90.61,34204700
2024-07-03,91.17,91.89,91.09,91.8,35563300
2024-07-05,92.27,92.73,91.9,92.56,34895500
2024-07-08,92.54,92.85,92.22,92.76,16095700
2024-07-09,92.47,92.68,91.87,92.35,30289800
2024-07-10,92.45,92.68,92.26,92.64,23572500
2024-07-11,93.68,94.14,93.47,93.54,49761800
2024-07-12,93.53,93.94,93.34,93.94,27796500
2024-07-15,93.0,93.3,92.78,92.86,37918900
2024-07-16,93.53,94.21,93.39,94.17,36383700
2024-07-17,93.92,94.4,93.69,94.19,29036800
2024-07-18,93.68,94.14,93.38,93.47,34553100
2024-07-19,93.04,93.16,92.82,92.92,32164700
2024-07-22,93.4,93.52,92.3,92.65,36160400
2024-07-23,92.81,93.03,92.49,92.52,23498000
2024-07-24,92.59,92.85,91.47,91.52,50757100
2024-07-25,92.03,92.86,91.96,92.27,44999100
2024-07-26,92.95,93.15,92.71,92.99,34423800
2024-07-29,93.67,93.69,93.22,93.49,25801300
2024-07-30,93.75,94.05,93.3,93.85,28169800
2024-07-31,94.53,94.84,94.24,94.81,47445300
2024-08-01,95.14,95.91,95.12,95.31,77254200
2024-08-02,97.0,98.37,96.89,98.28,91912900
2024-08-05,99.69,99.94,97.9,98.8,90686300
2024-08-06,98.15,98.41,96.59,96.59,61316900
2024-08-07,95.95,96.45,95.5,95.91,51337100
2024-08-08,95.12,95.4,94.84,95.32,37815800
2024-08-09,96.51,96.54,96.09,96.26,32141800
2024-08-12,96.03,96.82,95.88,96.61,24261400
2024-08-13,97.3,97.36,96.98,97.28,30366900
2024-08-14,97.55,98.16,97.51,97.89,31334100
2024-08-15,96.41,97.1,96.21,97.1,38723700
2024-08-16,97.44,97.54,97.01,97.44,28541000
2024-08-19,97.42,98.16,97.41,97.89,25322100
2024-08-20,98.32,98.86,98.12,98.67,25239300
2024-08-21,98.67,99.2,98.21,98.73,29230000
2024-08-22,98.23,98.3,97.43,97.75,33453800
2024-08-23,98.19,98.67,97.96,98.39,32005100
2024-08-26,98.69,98.7,98.08,98.14,23198700
2024-08-27,97.49,98.08,97.41,97.97,21507700
2024-08-28,98.01,98.2,97.73,97.85,18501400
2024-08-29,97.37,97.64,97.13,97.53,24988200
2024-08-30,97.68,97.99,96.47,96.49,42896200
2024-09-03,97.56,98.06,97.42,97.75,48947900
2024-09-04,97.88,99.03,97.81,99.01,40885200
2024-09-05,99.34,99.68,98.78,99.57,47450900
2024-09-06,99.55,100.78,99.19,99.56,57406400
2024-09-09,99.4,100.1,99.16,99.99,26961400
2024-09-10,99.87,100.91,99.82,100.69,31703400
2024-09-11,100.49,101.24,100.35,100.61,39497100
2024-09-12,100.36,100.55,99.69,100.14,41618700
2024-09-13,100.46,100.61,100.02,100.41,25722100
2024-09-16,100.63,101.37,100.41,101.33,30866300
2024-09-17,101.47,101.64,100.74,100.84,31699400
2024-09-18,100.24,100.73,99.54,99.59,48897000
2024-09-19,98.92,99.31,98.77,99.26,39979800
2024-09-20,98.99,99.25,98.72,98.88,37067600
2024-09-23,98.5,99.09,98.02,98.67,35703900
2024-09-24,98.0,98.89,97.85,98.65,31005400
2024-09-25,98.26,98.32,97.79,97.83,36738200
2024-09-26,98.07,98.25,97.42,98.06,33332300
2024-09-27,98.54,98.76,98.21,98.57,28317600
2024-09-30,98.64,98.71,97.88,98.1,34175500
2024-10-01,98.8,99.33,98.39,98.49,45254200
2024-10-02,97.36,97.73,97.06,97.66,35810800
2024-10-03,97.34,97.51,96.74,96.74,39677800
2024-10-04,95.44,95.96,95.4,95.55,56954100
2024-10-07,94.98,95.27,94.76,94.83,42606600
2024-10-08,94.39,95.03,94.34,94.99,33709600
2024-10-09,94.67,94.91,94.23,94.45,35807700
2024-10-10,93.88,94.09,93.41,94.08,53667400
2024-10-11,93.48,94.07,93.42,93.7,27406400
2024-10-14,93.04,93.78,92.98,93.77,28795300
2024-10-15,94.46,95.0,94.37,94.91,46429100
2024-10-16,95.39,95.62,95.14,95.31,32281500
2024-10-17,94.29,94.44,93.67,93.8,43427200
2024-10-18,94.05,94.28,93.86,93.87,25258600
2024-10-21,93.02,93.09,92.23,92.23,49504700
2024-10-22,92.65,92.76,92.09,92.32,32096900
2024-10-23,91.84,92.37,91.66,92.07,33354200
2024-10-24,92.23,93.0,91.96,92.66,32507400
2024-10-25,92.99,93.04,92.02,92.14,28667100
2024-10-28,92.27,92.29,91.42,91.89,33156500
2024-10-29,91.17,92.06,90.98,92.03,46545200
2024-10-30,92.84,93.29,92.16,92.3,41951100
2024-10-31,92.2,92.94,91.87,92.45,52173800
2024-11-01,92.26,92.52,90.8,90.84,80402000
2024-11-04,92.28,92.57,91.63,92.25,49747600
2024-11-05,92.03,92.9,91.6,92.74,46986000
2024-11-06,89.64,90.72,89.55,90.2,98895700
2024-11-07,90.75,91.62,90.65,91.33,56221400
2024-11-08,92.0,92.6,91.84,92.49,56756200
2024-11-11,92.25,92.3,91.62,92.04,22369200
2024-11-12,91.37,91.85,90.51,90.66,57908400
2024-11-13,91.52,91.54,89.72,89.8,49009100
2024-11-14,90.56,91.03,90.27,90.32,53328300
2024-11-15,89.92,90.65,89.51,90.08,73722400
2024-11-18,89.66,90.59,89.42,90.24,36010600
2024-11-19,90.82,91.07,90.62,90.7,29585100
2024-11-20,90.15,90.83,90.11,90.41,27755400
2024-11-21,90.45,90.85,90.0,90.34,28365700
2024-11-22,90.51,90.7,90.15,90.39,21547500
2024-11-25,92.2,92.78,91.99,92.73,56858000
2024-11-26,92.16,92.44,91.81,92.37,31122200
2024-11-27,93.04,93.38,92.67,93.01,39442200
2024-11-29,93.78,93.99,93.44,93.97,31905700
2024-12-02,93.27,94.15,93.0,93.87,39406000
2024-12-03,93.93,94.03,92.99,93.06,32768900
2024-12-04,92.61,94.19,92.54,94.06,35851100
2024-12-05,93.72,94.39,93.66,94.25,23695800
2024-12-06,94.72,94.85,94.02,94.39,31761500
2024-12-09,93.99,94.04,93.47,93.52,30509600
2024-12-10,93.02,93.3,92.91,93.08,28706500
2024-12-11,93.07,93.29,92.11,92.2,38748400
2024-12-12,91.64,91.75,91.0,91.08,45368400
2024-12-13,90.8,90.85,90.08,90.15,39486000
2024-12-16,90.55,90.62,90.05,90.42,23482300
2024-12-17,90.52,90.99,90.46,90.64,23839900
2024-12-18,89.97,90.37,89.14,89.16,61328400
2024-12-19,88.07,88.39,87.51,87.81,99083300
2024-12-20,88.53,88.91,88.29,88.31,45542400
2024-12-23,88.16,88.23,87.44,87.5,32764600
2024-12-24,87.04,87.89,86.98,87.87,22377600
2024-12-26,87.21,87.96,87.2,87.82,19981800
2024-12-27,87.48,87.78,87.06,87.1,27262300
2024-12-30,87.83,88.04,87.67,87.8,48519600
2024-12-31,88.13,88.28,87.26,87.33,31917300
2025-01-02,87.8,88.12,87.21,87.57,27841300
2025-01-03,87.72,87.88,87.18,87.29,21962200
2025-01-06,87.05,87.23,86.67,86.9,30231500
2025-01-07,86.6,86.77,85.79,85.92,41757200
2025-01-08,85.47,86.2,85.34,86.03,44590800
2025-01-10,85.28,85.85,85.16,85.46,47115800
2025-01-13,85.53,85.66,85.04,85.43,33258900
2025-01-14,85.23,85.36,84.89,85.29,33412900
2025-01-15,86.7,86.98,86.4,86.76,54120700
2025-01-16,86.64,87.4,86.28,87.04,34651100
2025-01-17,87.43,87.48,87.04,87.19,29875600
2025-01-21,87.89,88.17,87.63,87.97,30548600
2025-01-22,87.87,87.98,87.32,87.51,25278400
2025-01-23,86.64,86.99,86.53,86.83,31949000
2025-01-24,86.72,87.28,86.6,87.22,21110400
2025-01-27,88.16,88.43,87.85,88.25,42864200
2025-01-28,87.84,88.2,87.66,88.19,25519100
2025-01-29,88.43,88.62,87.63,88.01,25342800
2025-01-30,88.41,88.71,88.17,88.34,25094900
2025-01-31,88.38,88.66,87.43,87.76,48790100
2025-02-03,88.58,89.1,87.8,88.16,70657200
2025-02-04,87.55,88.45,87.48,88.43,33414000
2025-02-05,89.45,90.18,89.39,89.89,48331200
2025-02-06,89.86,90.15,89.55,89.85,22509900
2025-02-07,89.24,89.45,88.94,89.27,31171200
2025-02-10,89.26,89.53,88.85,89.0,22736100
2025-02-11,88.53,88.68,88.38,88.43,21513000
2025-02-12,87.29,87.6,86.86,87.23,48536200
2025-02-13,88.09,88.89,88.07,88.68,42718100
2025-02-14,89.38,89.68,89.12,89.15,27460700
2025-02-18,88.54,88.84,88.04,88.1,29429200
2025-02-19,87.95,88.45,87.89,88.21,20584300
2025-02-20,88.45,88.76,88.45,88.54,27913400
2025-02-21,88.87,89.93,88.82,89.61,46912300
2025-02-24,89.33,90.06,89.26,89.87,26218000
2025-02-25,90.97,91.5,90.8,91.42,50125100
2025-02-26,91.42,92.06,91.2,91.96,32220200
2025-02-27,91.31,91.79,91.14,91.31,53373600
2025-02-28,91.85,92.48,91.47,92.43,49388600
2025-03-03,91.41,92.71,91.37,92.57,42904200
2025-03-04,92.44,92.79,91.27,91.43,56722000
2025-03-05,91.56,91.8,90.61,90.7,50215900
2025-03-06,90.48,90.8,89.73,90.4,42827500
2025-03-07,91.14,91.16,89.99,90.11,36903600
2025-03-10,91.08,91.63,90.91,91.05,41440800
2025-03-11,90.97,91.49,90.14,90.4,40555700
2025-03-12,90.0,90.38,89.78,89.86,32734600
2025-03-13,89.58,90.71,89.38,90.65,38675400
2025-03-14,90.01,90.41,89.86,90.17,24658000
2025-03-17,90.8,91.18,90.38,90.62,26700300
2025-03-18,90.14,91.02,90.12,90.71,23654700
2025-03-19,90.68,91.22,90.38,91.18,31378700
2025-03-20,92.2,92.24,91.16,91.24,35645800
2025-03-21,91.33,91.44,90.62,90.7,29192100
2025-03-24,90.2,90.26,89.7,89.77,27985600
2025-03-25,89.57,90.08,89.51,89.76,22333800
2025-03-26,89.39,89.6,89.09,89.17,25095600
2025-03-27,88.85,89.03,88.63,88.91,23674500
2025-03-28,89.88,90.34,89.81,90.14,39869400
2025-03-31,91.23,91.34,90.36,91.03,38824300
2025-04-01,91.25,91.91,91.21,91.49,39800100
2025-04-02,92.37,92.37,90.66,91.43,43488400
2025-04-03,92.52,92.73,91.84,91.85,57467400
2025-04-04,93.65,94.09,92.82,92.85,92794200
2025-04-07,91.88,92.19,89.8,90.05,124987600
2025-04-08,89.28,90.2,88.22,88.35,73861900
2025-04-09,87.27,88.91,85.89,88.87,131353500
2025-04-10,87.74,88.18,86.35,86.42,78592000
2025-04-11,85.87,87.3,85.0,86.89,94814100
2025-04-14,87.4,87.71,86.82,87.51,37596400
2025-04-15,87.15,88.19,87.04,87.82,22553900
2025-04-16,87.8,88.5,87.47,88.31,35607300
2025-04-17,88.04,88.2,87.23,87.53,31758400
2025-04-21,86.6,87.07,85.98,86.0,39343200
2025-04-22,86.82,87.02,86.4,86.48,32552100
2025-04-23,88.88,89.06,87.17,87.32,44082200
2025-04-24,88.03,88.35,87.76,88.24,24190800
2025-04-25,88.9,89.11,88.6,88.89,22513900
2025-04-28,88.66,89.53,88.61,89.45,20130500
2025-04-29,89.32,90.21,89.3,90.2,22129500
2025-04-30,89.78,90.05,89.33,89.47,42630600
2025-05-01,89.26,89.28,88.3,88.69,29932800
2025-05-02,87.71,88.07,87.54,87.73,32090400
2025-05-05,87.35,87.41,86.83,87.24,22862800
2025-05-06,86.8,87.53,86.64,87.53,21095200
2025-05-07,87.92,88.21,87.82,87.9,23161600
2025-05-08,88.02,88.06,86.89,86.92,25483700
2025-05-09,87.0,87.31,86.92,87.05,17007900
2025-05-12,86.38,86.78,86.19,86.24,32115000
2025-05-13,86.13,86.29,85.5,85.89,53912200
2025-05-14,85.75,85.87,85.2,85.32,42119800
2025-05-15,85.63,86.32,85.48,86.07,59448000
2025-05-16,86.87,86.89,86.2,86.3,31778200
2025-05-19,84.91,86.12,84.83,86.05,49361900
2025-05-20,85.43,85.6,85.06,85.43,35493100
2025-05-21,84.68,85.06,83.76,83.97,77053100
2025-05-22,83.52,84.43,83.3,84.41,61747900
2025-05-23,84.77,84.82,84.31,84.55,47139200
2025-05-27,85.35,86.03,85.15,85.73,56773400
2025-05-28,85.41,85.54,84.97,85.36,34806800
2025-05-29,85.77,86.26,85.64,86.15,38933200
2025-05-30,86.09,86.47,85.88,86.28,49042100
2025-06-02,85.29,85.47,84.79,85.16,46213100
2025-06-03,85.44,85.74,84.89,85.01,33731300
2025-06-04,85.79,86.65,85.65,86.39,57441500
2025-06-05,86.68,86.93,86.22,86.45,37664700
2025-06-06,85.79,85.93,85.28,85.35,38130100
2025-06-09,85.04,85.64,85.04,85.44,26560800
2025-06-10,86.1,86.18,85.52,85.88,24857000
2025-06-11,85.81,86.4,85.71,86.14,36334800
2025-06-12,86.89,87.2,86.6,87.17,43017800
2025-06-13,86.73,86.88,85.78,86.33,49374000
2025-06-16,86.08,86.43,85.46,85.46,36496600
2025-06-17,86.0,86.66,85.75,86.5,34521600
2025-06-18,86.88,87.09,86.35,86.65,38589000
2025-06-20,86.14,86.79,85.95,86.49,26001900
2025-06-23,86.93,87.44,86.77,86.77,36851800
2025-06-24,86.47,87.59,86.43,87.4,32959100
2025-06-25,87.11,87.51,86.8,87.51,26345300
2025-06-26,87.59,87.95,87.2,87.95,30467500
2025-06-27,87.57,88.16,87.24,87.39,74993500
2025-06-30,87.86,88.44,87.61,88.25,53695200
2025-07-01,88.13,88.31,87.66,88.14,38960600
2025-07-02,87.19,87.59,87.1,87.58,39382200
2025-07-03,87.17,87.29,86.85,86.97,26729100
2025-07-07,86.54,86.56,85.92,86.14,38314700
2025-07-08,85.57,86.04,85.44,86.03,31407000
2025-07-09,86.19,86.93,86.18,86.93,29821900
2025-07-10,86.83,87.06,86.49,86.99,24525500
2025-07-11,86.23,86.27,85.64,85.79,40764800
2025-07-14,85.54,85.88,85.32,85.61,24609500
2025-07-15,85.89,85.91,84.9,85.01,40455000
2025-07-16,85.28,85.66,84.19,85.13,65987700
2025-07-17,85.22,85.49,84.99,85.11,31875500
2025-07-18,85.43,85.46,85.1,85.24,27534900
2025-07-21,86.22,86.51,85.96,86.0,40019500
2025-07-22,86.17,86.77,86.11,86.52,35190300
2025-07-23,86.05,86.2,85.79,86.04,31008500
2025-07-24,85.55,86.24,85.51,85.89,25164800
2025-07-25,85.8,86.44,85.72,86.43,27196200
2025-07-28,85.99,86.2,85.83,85.87,26812500
2025-07-29,86.23,87.34,86.2,87.32,47828300
2025-07-30,86.77,86.96,86.56,86.87,40670900
2025-07-31,87.13,87.41,86.84,86.92,49814100
2025-08-01,87.56,87.93,87.52,87.82,63434500
2025-08-04,87.96,88.15,87.65,88.06,36425200
2025-08-05,87.85,88.45,87.78,88.33,28586100
2025-08-06,87.84,88.05,86.92,87.82,42589300
2025-08-07,87.92,88.25,87.59,87.67,29213100
2025-08-08,87.36,87.39,87.15,87.29,21596300
2025-08-11,87.54,87.67,87.28,87.39,20100900
2025-08-12,86.9,86.97,86.55,86.95,41052300
2025-08-13,87.44,87.81,87.43,87.67,30817500
2025-08-14,87.51,87.51,86.89,87.02,33397400
2025-08-15,86.66,86.78,86.25,86.4,36343600
2025-08-18,86.5,86.54,85.99,86.15,26777500
2025-08-19,86.45,86.75,86.45,86.65,28780600
2025-08-20,86.59,86.97,86.56,86.84,25912500
2025-08-21,86.56,86.68,86.11,86.41,28643900
2025-08-22,86.83,87.3,86.72,87.05,49871900
2025-08-25,86.73,87.05,86.65,86.8,27011900
2025-08-26,86.51,86.79,86.22,86.75,30259300
2025-08-27,86.11,86.66,86.0,86.65,38142800
2025-08-28,86.78,87.26,86.66,87.22,32205900
2025-08-29,86.76,86.86,86.44,86.6,41686400
2025-09-02,85.63,85.84,85.48,85.63,48760600
2025-09-03,85.93,86.81,85.89,86.57,52499500
2025-09-04,87.02,87.24,86.58,87.23,40501600
2025-09-05,88.22,88.61,88.14,88.56,69668000
2025-09-08,89.17,89.76,89.12,89.74,54538700
2025-09-09,89.4,89.55,88.99,89.23,37126400
2025-09-10,89.4,90.07,89.19,89.74,40713600
2025-09-11,89.91,90.48,89.9,90.34,46694400
2025-09-12,89.83,89.98,89.49,89.95,32968600
2025-09-15,90.15,90.46,90.07,90.16,24820100
2025-09-16,90.09,90.5,90.04,90.35,26794200
2025-09-17,90.71,91.04,89.87,90.12,49121800
2025-09-18,89.26,89.47,88.9,89.19,55717900
2025-09-19,89.07,89.23,88.79,89.02,32509200
2025-09-22,88.82,88.91,88.54,88.7,24758200
2025-09-23,88.97,89.36,88.75,89.32,26689000
2025-09-24,89.08,89.16,88.7,88.98,28098000
2025-09-25,88.85,89.03,88.46,88.98,29882500
2025-09-26,88.99,89.47,88.69,88.9,30955100
2025-09-29,89.29,89.74,89.26,89.63,32286200
2025-09-30,89.66,90.04,89.21,89.37,38584000
2025-10-01,89.45,89.64,89.09,89.29,39408900
2025-10-02,89.31,89.69,89.19,89.55,23208300
2025-10-03,89.63,89.72,89.27,89.38,25884500
2025-10-06,88.71,89.16,88.65,88.67,28371000
2025-10-07,88.97,89.38,88.81,89.18,29103300
2025-10-08,89.6,89.62,89.13,89.25,22506200
2025-10-09,89.17,89.29,89.01,89.18,21578700
2025-10-10,89.98,90.72,89.9,90.62,59389400
2025-10-13,90.28,90.58,89.86,90.57,28035500
2025-10-14,90.65,90.92,90.43,90.86,29800000
2025-10-15,90.96,91.3,90.47,90.66,31333900
2025-10-16,90.52,91.5,90.45,91.34,39631200
2025-10-17,91.25,91.29,90.9,91.2,40240400
2025-10-20,91.46,91.56,91.28,91.55,28429300
2025-10-21,91.99,92.19,91.91,92.0,24514300
2025-10-22,91.99,92.18,91.82,92.06,30496200
2025-10-23,91.61,91.79,91.29,91.43,28275100
2025-10-24,91.59,91.6,91.16,91.47,28266000
2025-10-27,91.32,91.79,91.09,91.78,30033600
2025-10-28,91.85,92.18,91.81,92.02,23564500
2025-10-29,91.88,91.89,91.02,91.09,39551600
2025-10-30,90.39,90.97,90.35,90.56,42649200
2025-10-31,90.56,90.66,90.2,90.29,38247300
2025-11-03,89.62,89.82,89.42,89.74,40752300
2025-11-04,89.78,90.06,89.74,89.94,26383800
2025-11-05,89.51,89.55,88.88,88.96,44643400
2025-11-06,89.56,89.85,89.53,89.76,33027400
2025-11-07,89.36,89.87,89.36,89.57,28530100
2025-11-10,89.49,89.67,89.39,89.55,24093500
2025-11-11,89.95,90.07,89.78,89.96,18942300
2025-11-12,89.95,90.32,89.88,90.12,23594900
2025-11-13,89.8,89.94,89.38,89.38,33825900
2025-11-14,89.79,89.84,88.87,88.87,38550500
2025-11-17,89.08,89.3,88.98,89.09,25605800
2025-11-18,89.35,89.45,88.8,89.06,31967400
2025-11-19,89.23,89.31,88.85,88.88,25782400
2025-11-20,88.99,89.42,88.99,89.23,32945000
2025-11-21,89.65,89.67,89.2,89.5,41938600
2025-11-24,89.95,90.07,89.78,90.01,30865700
2025-11-25,90.31,90.59,90.13,90.24,36503300
2025-11-26,90.15,90.64,89.83,90.64,34099000
2025-11-28,90.46,90.53,89.95,90.21,40704300
2025-12-01,88.85,88.99,88.71,88.77,47086600
2025-12-02,88.58,88.96,88.46,88.81,27605700
2025-12-03,88.92,89.16,88.74,89.06,23278600
2025-12-04,88.91,88.93,88.48,88.58,25541500
2025-12-05,88.55,88.55,88.05,88.17,32808100
2025-12-08,88.19,88.2,87.56,87.88,32255200
2025-12-09,88.34,88.35,87.84,87.97,25771800
2025-12-10,88.0,88.52,87.86,88.31,46833500
2025-12-11,88.69,88.83,88.16,88.19,26778700
2025-12-12,87.38,87.5,87.19,87.34,47030100
2025-12-15,87.72,87.88,87.39,87.4,28611800
2025-12-16,87.19,87.92,87.17,87.88,41018700
2025-12-17,87.63,87.99,87.58,87.8,24668300
2025-12-18,88.13,88.38,88.07,88.22,39048900
2025-12-19,87.61,87.76,87.41,87.55,37858100
2025-12-22,87.42,87.46,87.25,87.36,25547100
2025-12-23,87.07,87.58,87.03,87.5,33624100
2025-12-24,87.76,88.08,87.65,88.03,25942000
2025-12-26,88.1,88.17,87.6,87.74,26522700
2025-12-29,87.95,88.07,87.79,88.07,29399800
2025-12-30,87.74,88.04,87.67,87.86,25106800
2025-12-31,87.68,87.91,87.13,87.16,36500000
2026-01-02,87.4,87.41,87.02,87.03,40731300
2026-01-05,87.18,87.52,87.11,87.46,30178000
2026-01-06,87.15,87.34,86.9,87.28,39015200
2026-01-07,87.84,88.01,87.48,87.79,39930900
2026-01-08,87.33,87.55,87.25,87.35,28204900
2026-01-09,87.3,88.0,87.12,87.93,57348800
2026-01-12,87.5,87.91,87.41,87.67,36103100
2026-01-13,87.88,87.91,87.54,87.82,30451400
2026-01-14,87.91,88.43,87.89,88.33,39233500
2026-01-15,88.64,88.66,88.31,88.31,37988900
2026-01-16,88.13,88.32,87.71,87.8,46382400
2026-01-20,86.63,87.03,86.54,86.65,66009500
2026-01-21,86.8,87.48,86.62,87.31,51220100
2026-01-22,87.27,87.76,87.14,87.69,42419300
2026-01-23,87.83,88.03,87.5,87.93,35968800
2026-01-26,88.4,88.49,88.2,88.35,38882400
2026-01-27,88.11,88.25,87.68,87.8,35180100
2026-01-28,87.51,87.7,87.29,87.6,38750300
2026-01-29,87.15,87.74,87.08,87.62,43855000
2026-01-30,87.38,87.56,87.13,87.13,45832200
2026-02-02,87.02,87.06,86.55,86.55,38171400
2026-02-03,86.49,86.78,86.43,86.76,27438200
2026-02-04,86.63,86.78,86.46,86.54,37872900
2026-02-05,86.93,87.48,86.75,87.48,50268900
2026-02-06,87.45,87.54,87.2,87.54,33461800
2026-02-09,87.2,87.58,87.03,87.52,24708900
2026-02-10,88.24,88.53,88.22,88.53,37253700
2026-02-11,88.04,88.48,87.94,88.06,37014000
2026-02-12,88.36,89.28,88.35,89.23,48454900
2026-02-13,89.63,89.81,89.52,89.72,56785200
2026-02-17,89.93,90.12,89.76,89.87,32356700
2026-02-18,89.69,89.86,89.47,89.53,35415400
2026-02-19,89.4,89.72,89.37,89.62,28658600
2026-02-20,89.7,89.74,88.93,89.41,49610800
2026-02-23,89.55,90.0,89.53,89.74,33614600
2026-02-24,89.95,90.05,89.76,89.9,24933900
2026-02-25,89.71,90.08,89.71,89.91,23625800
2026-02-26,90.06,90.32,90.05,90.27,29447100
2026-02-27,90.69,90.86,90.55,90.82,51272000
2026-03-02,89.98,89.99,89.36,89.61,55465500
2026-03-03,88.98,89.67,88.94,89.43,51850400
2026-03-04,89.27,89.44,89.1,89.15,47069500
2026-03-05,88.63,88.94,88.51,88.79,45768900
2026-03-06,88.32,88.94,88.02,88.46,58136900
2026-03-09,88.3,89.32,88.21,89.23,52478700
2026-03-10,88.8,88.95,88.27,88.28,48651500
2026-03-11,87.75,87.81,87.08,87.14,54679900
2026-03-12,86.91,87.25,86.78,86.97,48977000
2026-03-13,86.93,87.15,86.47,86.54,43460000
2026-03-16,87.18,87.34,86.96,87.21,37341500
2026-03-17,87.36,87.57,87.32,87.45,19578100
2026-03-18,87.36,87.48,86.93,86.96,37596600
2026-03-19,87.06,87.73,86.97,87.49,60307400
2026-03-20,86.81,86.86,85.76,85.83,78948500
2026-03-23,86.18,86.72,85.94,86.39,69686700
2026-03-24,85.72,86.29,85.56,86.01,51799400
2026-03-25,86.75,86.88,86.48,86.84,37861000
2026-03-26,86.34,86.61,85.93,86.11,39537000
2026-03-27,85.5,86.1,85.45,85.64,39928900
2026-03-30,86.63,86.95,86.49,86.78,36473200
2026-03-31,86.93,87.16,86.57,86.69,47112200
2026-04-01,86.28,86.71,86.23,86.26,31157600
2026-04-02,86.21,86.85,86.15,86.79,33310600
2026-04-06,86.5,86.85,86.39,86.65,14660300
2026-04-07,86.52,86.68,85.91,86.64,22747200
2026-04-08,87.36,87.37,86.73,86.92,22244900
2026-04-09,86.69,87.13,86.39,86.7,18909100
2026-04-10,86.6,86.68,86.33,86.49,13247700
2026-04-13,86.44,86.8,86.25,86.75,12719700
2026-04-14,86.7,87.24,86.63,87.21,16606900
2026-04-15,87.02,87.07,86.73,86.83,15119600
2026-04-16,86.92,86.97,86.2,86.28,20001000
2026-04-17,87.05,87.21,86.89,87.07,29604100
2026-04-20,87.11,87.13,86.71,87.05,14623500
2026-04-21,86.97,87.09,86.53,86.57,19798700
2026-04-22,87.05,87.16,86.71,86.74,13676800
2026-04-23,86.83,87.04,86.24,86.55,21106700
2026-04-24,86.46,86.82,86.25,86.71,22285700
2026-04-27,86.49,86.62,86.19,86.28,19250100
2026-04-28,86.12,86.37,85.94,86.37,14553600
2026-04-29,85.99,85.99,85.55,85.7,29020800
2026-04-30,85.89,85.9,85.39,85.62,28516200
2026-05-01,85.5,86.0,85.34,85.61,21281000
2026-05-04,85.35,85.36,84.76,84.96,27226000
2026-05-05,85.15,85.49,85.09,85.43,18226500
2026-05-06,86.05,86.17,85.92,86.08,22530700
2026-05-07,86.28,86.29,85.6,85.65,21178300
2026-05-08,86.06,86.28,85.99,86.08,30797600
2026-05-11,85.88,85.92,85.49,85.56,17713700
2026-05-12,85.19,85.2,84.92,84.99,27680600
2026-05-13,84.94,85.05,84.59,84.8,26295100
2026-05-14,85.26,85.38,84.91,84.92,25247200
2026-05-15,83.87,83.97,83.59,83.66,50796000
2026-05-18,83.7,83.92,83.32,83.56,26166200
2026-05-19,82.96,83.23,82.77,83.02,35346600
2026-05-20,83.06,84.0,83.04,83.91,44498000
2026-05-21,83.62,84.26,83.33,84.22,24887000
2026-05-22,84.61,84.68,84.14,84.68,27987700
2026-05-26,85.34,85.38,84.9,85.1,22531200
2026-05-27,85.25,85.48,85.15,85.3,23589600
2026-05-28,85.36,85.85,85.27,85.74,25417300
2026-05-29,85.81,85.96,85.55,85.76,33118600
2026-06-01,84.93,85.54,84.8,85.47,26322400
2026-06-02,85.8,85.82,85.5,85.65,20319000
2026-06-03,85.29,85.43,85.1,85.31,15372000
2026-06-04,85.61,85.71,85.42,85.5,15866500
2026-06-05,84.99,85.35,84.92,85.06,26461200
2026-06-08,85.23,85.33,84.62,84.62,22922700
2026-06-09,84.97,85.18,84.78,85.12,22617700
2026-06-10,85.12,85.3,84.7,84.88,21258300
2026-06-11,85.17,86.04,85.04,85.98,35190500
2026-06-12,85.64,85.83,85.41,85.77,23092600
2026-06-15,85.96,86.11,85.67,85.72,17632700
2026-06-16,85.96,86.38,85.93,86.19,26472500
2026-06-17,86.33,86.59,85.93,86.33,34507500
2026-06-18,87.07,87.18,86.65,86.75,32350900
2026-06-22,86.3,86.33,85.97,86.09,28595100
2026-06-23,86.12,86.43,86.1,86.2,19145500
2026-06-24,87.15,87.47,87.12,87.38,41837000
2026-06-25,87.58,87.79,87.29,87.35,28380000
2026-06-26,87.01,87.37,87.0,87.36,21650800
2026-06-29,87.36,87.54,87.3,87.45,19457200
2026-06-30,87.15,87.18,86.38,86.42,31079500
2026-07-01,85.48,85.79,85.43,85.52,28109800
2026-07-02,85.38,85.78,85.37,85.51,20816300
